[{"raspberryPiNo": "", "EventType": "", "Label": "", "Location": "", "Date": "", "Time": ""}, {"raspberryPiNo": 1234, "EventType": "Sudden Brake", "Label": "Reckless", "Location": "", "Date": "", "Time": ""}, {"raspberryPiNo": 1234, "EventType": "Sudden Brake", "Label": "Reckless", "Location": "", "Date": "", "Time": ""}, {"raspberryPiNo": 1234, "EventType": "Sudden Brake", "Label": "Reckless", "Location": "", "Date": "", "Time": ""}, {"raspberryPiNo": 1234, "EventType": "Sudden Brake", "Label": "Reckless", "Location": "", "Date": "", "Time": ""}, {"raspberryPiNo": 1234, "EventType": "Sudden Brake", "Label": "Reckless", "Location": "", "Date": "", "Time": ""}, {"raspberryPiNo": 1234, "EventType": "Sudden Brake", "Label": "Reckless", "Location": "", "Date": "", "Time": ""}, {"raspberryPiNo": 1234, "EventType": "Sudden Brake", "Label": "Reckless", "Location": "", "Date": "", "Time": ""}, {"raspberryPiNo": 1234, "EventType": "Sudden Brake", "Label": "Reckless", "Location": "", "Date": "", "Time": ""}, {"raspberryPiNo": 1234, "EventType": "Sudden Brake", "Label": "Reckless", "Location": "", "Date": "", "Time": ""}, {"raspberryPiNo": 1234, "EventType": "Sudden Brake", "Label": "Reckless", "Location": "", "Date": "", "Time": ""}, {"raspberryPiNo": 1234, "EventType": "Sudden Brake", "Label": "Reckless", "Location": "", "Date": "", "Time": ""}, {"raspberryPiNo": 1234, "EventType": "Sudden Brake", "Label": "Reckless", "Location": "", "Date": "", "Time": ""}, {"raspberryPiNo": 1234, "EventType": "Sudden Brake", "Label": "Reckless", "Location": "", "Date": "", "Time": ""}, {"raspberryPiNo": 1234, "EventType": "Sudden Brake", "Label": "Reckless", "Location": "", "Date": "", "Time": ""}, {"raspberryPiNo": 1234, "EventType": "Sudden Brake", "Label": "Reckless", "Location": "", "Date": "", "Time": ""}, {"raspberryPiNo": 1234, "EventType": "Sudden Brake", "Label": "Reckless", "Location": "", "Date": "", "Time": ""}, {"raspberryPiNo": 1234, "EventType": "Sudden Brake", "Label": "Reckless", "Location": "", "Date": "", "Time": ""}, {"raspberryPiNo": 1234, "EventType": "Sudden Brake", "Label": "Reckless", "Location": "", "Date": "", "Time": ""}, {"raspberryPiNo": 1234, "EventType": "Sudden Brake", "Label": "Reckless", "Location": "", "Date": "", "Time": ""}, {"raspberryPiNo": 1234, "EventType": "Left Turn", "Label": "NotReckless", "Location": "", "Date": "", "Time": ""}, {"raspberryPiNo": 1234, "EventType": "Left Turn", "Label": "NotReckless", "Location": "", "Date": "", "Time": ""}, {"raspberryPiNo": 1234, "EventType": "Left Turn", "Label": "NotReckless", "Location": "", "Date": "", "Time": ""}, {"raspberryPiNo": 1234, "EventType": "Left Turn", "Label": "NotReckless", "Location": "", "Date": "", "Time": ""}, {"raspberryPiNo": 1234, "EventType": "Left Turn", "Label": "NotReckless", "Location": "", "Date": "", "Time": ""}, {"raspberryPiNo": 1234, "EventType": "Left Turn", "Label": "NotReckless", "Location": "", "Date": "", "Time": ""}, {"raspberryPiNo": 1234, "EventType": "Left Turn", "Label": "NotReckless", "Location": "", "Date": "", "Time": ""}, {"raspberryPiNo": 1234, "EventType": "Left Turn", "Label": "NotReckless", "Location": "", "Date": "", "Time": ""}, {"raspberryPiNo": 1234, "EventType": "Left Turn", "Label": "NotReckless", "Location": "", "Date": "", "Time": ""}, {"raspberryPiNo": 1234, "EventType": "Left Turn", "Label": "NotReckless", "Location": "", "Date": "", "Time": ""}, {"raspberryPiNo": 1234, "EventType": "Left Turn", "Label": "NotReckless", "Location": "", "Date": "", "Time": ""}, {"raspberryPiNo": 1234, "EventType": "Left Turn", "Label": "NotReckless", "Location": "", "Date": "", "Time": ""}, {"raspberryPiNo": 1234, "EventType": "Left Turn", "Label": "NotReckless", "Location": "", "Date": "", "Time": ""}, {"raspberryPiNo": 1234, "EventType": "Left Turn", "Label": "NotReckless", "Location": "", "Date": "", "Time": ""}, {"raspberryPiNo": 1234, "EventType": "Left Turn", "Label": "NotReckless", "Location": "", "Date": "", "Time": ""}, {"raspberryPiNo": 1234, "EventType": "Left Turn", "Label": "NotReckless", "Location": "", "Date": "", "Time": ""}, {"raspberryPiNo": 1234, "EventType": "Left Turn", "Label": "NotReckless", "Location": "", "Date": "", "Time": ""}, {"raspberryPiNo": 1234, "EventType": "Left Turn", "Label": "NotReckless", "Location": "", "Date": "", "Time": ""}, {"raspberryPiNo": 1234, "EventType": "Left Turn", "Label": "NotReckless", "Location": "", "Date": "", "Time": ""}, {"raspberryPiNo": 1234, "EventType": "Left Turn", "Label": "NotReckless", "Location": "", "Date": "", "Time": ""}, {"raspberryPiNo": 1234, "EventType": "Left Turn", "Label": "NotReckless", "Location": "", "Date": "", "Time": ""}, {"raspberryPiNo": 1234, "EventType": "Left Turn", "Label": "NotReckless", "Location": "", "Date": "", "Time": ""}, {"raspberryPiNo": 1234, "EventType": "Left Turn", "Label": "NotReckless", "Location": "", "Date": "", "Time": ""}, {"raspberryPiNo": 1234, "EventType": "Left Turn", "Label": "NotReckless", "Location": "", "Date": "", "Time": ""}, {"raspberryPiNo": 1234, "EventType": "Left Turn", "Label": "NotReckless", "Location": "", "Date": "", "Time": ""}, {"raspberryPiNo": 1234, "EventType": "Left Turn", "Label": "NotReckless", "Location": "", "Date": "", "Time": ""}, {"raspberryPiNo": 1234, "EventType": "Left Turn", "Label": "NotReckless", "Location": "", "Date": "", "Time": ""}, {"raspberryPiNo": 1234, "EventType": "Left Turn", "Label": "NotReckless", "Location": "", "Date": "", "Time": ""}, {"raspberryPiNo": 1234, "EventType": "Left Turn", "Label": "NotReckless", "Location": "", "Date": "", "Time": ""}, {"raspberryPiNo": 1234, "EventType": "Left Turn", "Label": "NotReckless", "Location": "", "Date": "", "Time": ""}, {"raspberryPiNo": 1234, "EventType": "Left Turn", "Label": "NotReckless", "Location": "", "Date": "", "Time": ""}, {"raspberryPiNo": 1234, "EventType": "Left Turn", "Label": "NotReckless", "Location": "", "Date": "", "Time": ""}, {"raspberryPiNo": 1234, "EventType": "Left Turn", "Label": "NotReckless", "Location": "", "Date": "", "Time": ""}, {"raspberryPiNo": 1234, "EventType": "Left Turn", "Label": "NotReckless", "Location": "", "Date": "", "Time": ""}, {"raspberryPiNo": 1234, "EventType": "Left Turn", "Label": "NotReckless", "Location": "", "Date": "", "Time": ""}, {"raspberryPiNo": 1234, "EventType": "Left Turn", "Label": "NotReckless", "Location": "", "Date": "", "Time": ""}, {"raspberryPiNo": 1234, "EventType": "Left Turn", "Label": "NotReckless", "Location": "", "Date": "", "Time": ""}, {"raspberryPiNo": 1234, "EventType": "Left Turn", "Label": "NotReckless", "Location": "", "Date": "", "Time": ""}, {"raspberryPiNo": 1234, "EventType": "Left Turn", "Label": "NotReckless", "Location": "", "Date": "", "Time": ""}, {"raspberryPiNo": 1234, "EventType": "Left Turn", "Label": "NotReckless", "Location": "", "Date": "", "Time": ""}, {"raspberryPiNo": 1234, "EventType": "Left Turn", "Label": "Reckless", "Location": "", "Date": "", "Time": ""}, {"raspberryPiNo": 1234, "EventType": "Left Turn", "Label": "NotReckless", "Location": "", "Date": "", "Time": ""}, {"raspberryPiNo": 1234, "EventType": "Left Turn", "Label": "NotReckless", "Location": "", "Date": "", "Time": ""}, {"raspberryPiNo": 1234, "EventType": "Left Turn", "Label": "NotReckless", "Location": "", "Date": "", "Time": ""}, {"raspberryPiNo": 1234, "EventType": "Left Turn", "Label": "NotReckless", "Location": "", "Date": "", "Time": ""}, {"raspberryPiNo": 1234, "EventType": "Left Turn", "Label": "NotReckless", "Location": "", "Date": "", "Time": ""}, {"raspberryPiNo": 1234, "EventType": "Left Turn", "Label": "NotReckless", "Location": "", "Date": "", "Time": ""}, {"raspberryPiNo": 1234, "EventType": "Left Turn", "Label": "NotReckless", "Location": "", "Date": "", "Time": ""}, {"raspberryPiNo": 1234, "EventType": "Left Turn", "Label": "NotReckless", "Location": "", "Date": "", "Time": ""}, {"raspberryPiNo": 1234, "EventType": "Left Turn", "Label": "NotReckless", "Location": "", "Date": "", "Time": ""}, {"raspberryPiNo": 1234, "EventType": "Left Turn", "Label": "NotReckless", "Location": "", "Date": "", "Time": ""}, {"raspberryPiNo": 1234, "EventType": "Left Turn", "Label": "NotReckless", "Location": "", "Date": "", "Time": ""}, {"raspberryPiNo": 1234, "EventType": "Left Turn", "Label": "Reckless", "Location": "", "Date": "", "Time": ""}, {"raspberryPiNo": 1234, "EventType": "Left Turn", "Label": "Reckless", "Location": "", "Date": "", "Time": ""}, {"raspberryPiNo": 1234, "EventType": "Left Turn", "Label": "Reckless", "Location": "", "Date": "", "Time": ""}, {"raspberryPiNo": 1234, "EventType": "Left Turn", "Label": "Reckless", "Location": "", "Date": "", "Time": ""}, {"raspberryPiNo": 1234, "EventType": "Left Turn", "Label": "Reckless", "Location": "", "Date": "", "Time": ""}, {"raspberryPiNo": 1234, "EventType": "Left Turn", "Label": "Reckless", "Location": "", "Date": "", "Time": ""}, {"raspberryPiNo": 1234, "EventType": "Left Turn", "Label": "Reckless", "Location": "", "Date": "", "Time": ""}, {"raspberryPiNo": 1234, "EventType": "Left Turn", "Label": "Reckless", "Location": "", "Date": "", "Time": ""}, {"raspberryPiNo": 1234, "EventType": "Left Turn", "Label": "Reckless", "Location": "", "Date": "", "Time": ""}, {"raspberryPiNo": 1234, "EventType": "Left Turn", "Label": "Reckless", "Location": "", "Date": "", "Time": ""}, {"raspberryPiNo": 1234, "EventType": "Left Turn", "Label": "Reckless", "Location": "", "Date": "", "Time": ""}, {"raspberryPiNo": 1234, "EventType": "Left Turn", "Label": "Reckless", "Location": "", "Date": "", "Time": ""}, {"raspberryPiNo": 1234, "EventType": "Left Turn", "Label": "Reckless", "Location": "", "Date": "", "Time": ""}, {"raspberryPiNo": 1234, "EventType": "Left Turn", "Label": "Reckless", "Location": "", "Date": "", "Time": ""}, {"raspberryPiNo": 1234, "EventType": "Left Turn", "Label": "Reckless", "Location": "", "Date": "", "Time": ""}, {"raspberryPiNo": 1234, "EventType": "Left Turn", "Label": "Reckless", "Location": "", "Date": "", "Time": ""}, {"raspberryPiNo": 1234, "EventType": "Left Turn", "Label": "Reckless", "Location": "", "Date": "", "Time": ""}, {"raspberryPiNo": 1234, "EventType": "Left Turn", "Label": "Reckless", "Location": "", "Date": "", "Time": ""}, {"raspberryPiNo": 1234, "EventType": "Left Turn", "Label": "Reckless", "Location": "", "Date": "", "Time": ""}, {"raspberryPiNo": 1234, "EventType": "Left Turn", "Label": "Reckless", "Location": "", "Date": "", "Time": ""}, {"raspberryPiNo": 1234, "EventType": "Left Turn", "Label": "Reckless", "Location": "", "Date": "", "Time": ""}, {"raspberryPiNo": 1234, "EventType": "Left Turn", "Label": "Reckless", "Location": "", "Date": "", "Time": ""}, {"raspberryPiNo": 1234, "EventType": "Left Turn", "Label": "NotReckless", "Location": "", "Date": "", "Time": ""}, {"raspberryPiNo": 1234, "EventType": "Left Turn", "Label": "NotReckless", "Location": "", "Date": "", "Time": ""}, {"raspberryPiNo": 1234, "EventType": "Left Turn", "Label": "NotReckless", "Location": "", "Date": "", "Time": ""}, {"raspberryPiNo": 1234, "EventType": "Left Turn", "Label": "NotReckless", "Location": "", "Date": "", "Time": ""}, {"raspberryPiNo": 1234, "EventType": "Left Turn", "Label": "NotReckless", "Location": "", "Date": "", "Time": ""}, {"raspberryPiNo": 1234, "EventType": "Left Turn", "Label": "NotReckless", "Location": "", "Date": "", "Time": ""}, {"raspberryPiNo": 1234, "EventType": "Left Turn", "Label": "NotReckless", "Location": "", "Date": "", "Time": ""}, {"raspberryPiNo": 1234, "EventType": "Right Turn", "Label": "Reckless", "Location": "", "Date": "", "Time": ""}, {"raspberryPiNo": 1234, "EventType": "Right Turn", "Label": "NotReckless", "Location": "", "Date": "", "Time": ""}, {"raspberryPiNo": 1234, "EventType": "Right Turn", "Label": "NotReckless", "Location": "", "Date": "", "Time": ""}, {"raspberryPiNo": 1234, "EventType": "Right Turn", "Label": "NotReckless", "Location": "", "Date": "", "Time": ""}, {"raspberryPiNo": 1234, "EventType": "Right Turn", "Label": "NotReckless", "Location": "", "Date": "", "Time": ""}, {"raspberryPiNo": 1234, "EventType": "Right Turn", "Label": "NotReckless", "Location": "", "Date": "", "Time": ""}, {"raspberryPiNo": 1234, "EventType": "Right Turn", "Label": "NotReckless", "Location": "", "Date": "", "Time": ""}, {"raspberryPiNo": 1234, "EventType": "Right Turn", "Label": "NotReckless", "Location": "", "Date": "", "Time": ""}, {"raspberryPiNo": 1234, "EventType": "Right Turn", "Label": "NotReckless", "Location": "", "Date": "", "Time": ""}, {"raspberryPiNo": 1234, "EventType": "Right Turn", "Label": "Reckless", "Location": "", "Date": "", "Time": ""}, {"raspberryPiNo": 1234, "EventType": "Right Turn", "Label": "NotReckless", "Location": "", "Date": "", "Time": ""}, {"raspberryPiNo": 1234, "EventType": "Right Turn", "Label": "Reckless", "Location": "", "Date": "", "Time": ""}, {"raspberryPiNo": 1234, "EventType": "Right Turn", "Label": "Reckless", "Location": "", "Date": "", "Time": ""}, {"raspberryPiNo": 1234, "EventType": "Right Turn", "Label": "Reckless", "Location": "", "Date": "", "Time": ""}, {"raspberryPiNo": 1234, "EventType": "Right Turn", "Label": "Reckless", "Location": "", "Date": "", "Time": ""}, {"raspberryPiNo": 1234, "EventType": "Right Turn", "Label": "Reckless", "Location": "", "Date": "", "Time": ""}, {"raspberryPiNo": 1234, "EventType": "Right Turn", "Label": "Reckless", "Location": "", "Date": "", "Time": ""}, {"raspberryPiNo": 1234, "EventType": "Right Turn", "Label": "Reckless", "Location": "", "Date": "", "Time": ""}, {"raspberryPiNo": 1234, "EventType": "Right Turn", "Label": "Reckless", "Location": "", "Date": "", "Time": ""}, {"raspberryPiNo": 1234, "EventType": "Right Turn", "Label": "Reckless", "Location": "", "Date": "", "Time": ""}, {"raspberryPiNo": 1234, "EventType": "Right Turn", "Label": "Reckless", "Location": "", "Date": "", "Time": ""}, {"raspberryPiNo": 1234, "EventType": "Right Turn", "Label": "Reckless", "Location": "", "Date": "", "Time": ""}, {"raspberryPiNo": 1234, "EventType": "Right Turn", "Label": "Reckless", "Location": "", "Date": "", "Time": ""}, {"raspberryPiNo": 1234, "EventType": "Right Turn", "Label": "NotReckless", "Location": "", "Date": "", "Time": ""}, {"raspberryPiNo": 1234, "EventType": "Right Turn", "Label": "NotReckless", "Location": "", "Date": "", "Time": ""}, {"raspberryPiNo": 1234, "EventType": "Right Turn", "Label": "NotReckless", "Location": "", "Date": "", "Time": ""}, {"raspberryPiNo": 1234, "EventType": "Right Turn", "Label": "NotReckless", "Location": "", "Date": "", "Time": ""}, {"raspberryPiNo": 1234, "EventType": "Right Turn", "Label": "NotReckless", "Location": "", "Date": "", "Time": ""}, {"raspberryPiNo": 1234, "EventType": "Right Turn", "Label": "NotReckless", "Location": "", "Date": "", "Time": ""}, {"raspberryPiNo": 1234, "EventType": "Right Turn", "Label": "NotReckless", "Location": "", "Date": "", "Time": ""}, {"raspberryPiNo": 1234, "EventType": "Right Turn", "Label": "NotReckless", "Location": "", "Date": "", "Time": ""}, {"raspberryPiNo": 1234, "EventType": "Right Turn", "Label": "NotReckless", "Location": "", "Date": "", "Time": ""}, {"raspberryPiNo": 1234, "EventType": "Right Turn", "Label": "NotReckless", "Location": "", "Date": "", "Time": ""}, {"raspberryPiNo": 1234, "EventType": "Right Turn", "Label": "NotReckless", "Location": "", "Date": "", "Time": ""}, {"raspberryPiNo": 1234, "EventType": "Right Turn", "Label": "NotReckless", "Location": "", "Date": "", "Time": ""}, {"raspberryPiNo": 1234, "EventType": "Right Turn", "Label": "NotReckless", "Location": "", "Date": "", "Time": ""}, {"raspberryPiNo": 1234, "EventType": "Right Turn", "Label": "NotReckless", "Location": "", "Date": "", "Time": ""}, {"raspberryPiNo": 1234, "EventType": "Right Turn", "Label": "NotReckless", "Location": "", "Date": "", "Time": ""}, {"raspberryPiNo": 1234, "EventType": "Right Turn", "Label": "NotReckless", "Location": "", "Date": "", "Time": ""}, {"raspberryPiNo": 1234, "EventType": "Right Turn", "Label": "NotReckless", "Location": "", "Date": "", "Time": ""}, {"raspberryPiNo": 1234, "EventType": "Right Turn", "Label": "NotReckless", "Location": "", "Date": "", "Time": ""}, {"raspberryPiNo": 1234, "EventType": "Right Turn", "Label": "NotReckless", "Location": "", "Date": "", "Time": ""}, {"raspberryPiNo": 1234, "EventType": "Right Turn", "Label": "NotReckless", "Location": "", "Date": "", "Time": ""}, {"raspberryPiNo": 1234, "EventType": "Right Turn", "Label": "NotReckless", "Location": "", "Date": "", "Time": ""}, {"raspberryPiNo": 1234, "EventType": "Right Turn", "Label": "NotReckless", "Location": "", "Date": "", "Time": ""}, {"raspberryPiNo": 1234, "EventType": "Right Turn", "Label": "NotReckless", "Location": "", "Date": "", "Time": ""}, {"raspberryPiNo": 1234, "EventType": "Right Turn", "Label": "NotReckless", "Location": "", "Date": "", "Time": ""}, {"raspberryPiNo": 1234, "EventType": "Right Turn", "Label": "NotReckless", "Location": "", "Date": "", "Time": ""}, {"raspberryPiNo": 1234, "EventType": "Right Turn", "Label": "NotReckless", "Location": "", "Date": "", "Time": ""}, {"raspberryPiNo": 1234, "EventType": "Right Turn", "Label": "NotReckless", "Location": "", "Date": "", "Time": ""}, {"raspberryPiNo": 1234, "EventType": "Right Turn", "Label": "NotReckless", "Location": "", "Date": "", "Time": ""}, {"raspberryPiNo": 1234, "EventType": "Right Turn", "Label": "NotReckless", "Location": "", "Date": "", "Time": ""}, {"raspberryPiNo": 1234, "EventType": "Right Turn", "Label": "NotReckless", "Location": "", "Date": "", "Time": ""}, {"raspberryPiNo": 1234, "EventType": "Right Turn", "Label": "NotReckless", "Location": "", "Date": "", "Time": ""}, {"raspberryPiNo": 1234, "EventType": "Right Turn", "Label": "NotReckless", "Location": "", "Date": "", "Time": ""}, {"raspberryPiNo": 1234, "EventType": "Right Turn", "Label": "NotReckless", "Location": "", "Date": "", "Time": ""}, {"raspberryPiNo": 1234, "EventType": "Right Turn", "Label": "NotReckless", "Location": "", "Date": "", "Time": ""}, {"raspberryPiNo": 1234, "EventType": "Right Turn", "Label": "NotReckless", "Location": "", "Date": "", "Time": ""}, {"raspberryPiNo": 1234, "EventType": "Right Turn", "Label": "NotReckless", "Location": "", "Date": "", "Time": ""}, {"raspberryPiNo": 1234, "EventType": "Right Turn", "Label": "NotReckless", "Location": "", "Date": "", "Time": ""}, {"raspberryPiNo": 1234, "EventType": "Right Turn", "Label": "NotReckless", "Location": "", "Date": "", "Time": ""}, {"raspberryPiNo": 1234, "EventType": "Right Turn", "Label": "NotReckless", "Location": "", "Date": "", "Time": ""}, {"raspberryPiNo": 1234, "EventType": "Right Turn", "Label": "NotReckless", "Location": "", "Date": "", "Time": ""}, {"raspberryPiNo": 1234, "EventType": "Right Turn", "Label": "NotReckless", "Location": "", "Date": "", "Time": ""}, {"raspberryPiNo": 1234, "EventType": "Right Turn", "Label": "NotReckless", "Location": "", "Date": "", "Time": ""}, {"raspberryPiNo": 1234, "EventType": "Right Turn", "Label": "NotReckless", "Location": "", "Date": "", "Time": ""}, {"raspberryPiNo": 1234, "EventType": "Right Turn", "Label": "Reckless", "Location": "", "Date": "", "Time": ""}, {"raspberryPiNo": 1234, "EventType": "Right Turn", "Label": "Reckless", "Location": "", "Date": "", "Time": ""}, {"raspberryPiNo": 1234, "EventType": "Right Turn", "Label": "NotReckless", "Location": "", "Date": "", "Time": ""}, {"raspberryPiNo": 1234, "EventType": "Right Turn", "Label": "NotReckless", "Location": "", "Date": "", "Time": ""}, {"raspberryPiNo": 1234, "EventType": "Right Turn", "Label": "NotReckless", "Location": "", "Date": "", "Time": ""}, {"raspberryPiNo": 1234, "EventType": "Right Turn", "Label": "NotReckless", "Location": "", "Date": "", "Time": ""}, {"raspberryPiNo": 1234, "EventType": "Right Turn", "Label": "NotReckless", "Location": "", "Date": "", "Time": ""}, {"raspberryPiNo": 1234, "EventType": "Right Turn", "Label": "NotReckless", "Location": "", "Date": "", "Time": ""}, {"raspberryPiNo": 1234, "EventType": "Right Turn", "Label": "NotReckless", "Location": "", "Date": "", "Time": ""}, {"raspberryPiNo": 1234, "EventType": "Right Turn", "Label": "NotReckless", "Location": "", "Date": "", "Time": ""}, {"raspberryPiNo": 1234, "EventType": "Right Turn", "Label": "NotReckless", "Location": "", "Date": "", "Time": ""}, {"raspberryPiNo": 1234, "EventType": "Right Turn", "Label": "NotReckless", "Location": "", "Date": "", "Time": ""}, {"raspberryPiNo": 1234, "EventType": "Right Turn", "Label": "NotReckless", "Location": "", "Date": "", "Time": ""}, {"raspberryPiNo": 1234, "EventType": "Speed Bump", "Label": "Reckless", "Location": "", "Date": "", "Time": ""}, {"raspberryPiNo": 1234, "EventType": "Speed Bump", "Label": "Reckless", "Location": "", "Date": "", "Time": ""}, {"raspberryPiNo": 1234, "EventType": "Speed Bump", "Label": "Reckless", "Location": "", "Date": "", "Time": ""}, {"raspberryPiNo": 1234, "EventType": "Speed Bump", "Label": "Reckless", "Location": "", "Date": "", "Time": ""}, {"raspberryPiNo": 1234, "EventType": "Speed Bump", "Label": "Reckless", "Location": "", "Date": "", "Time": ""}, {"raspberryPiNo": 1234, "EventType": "Speed Bump", "Label": "Reckless", "Location": "", "Date": "", "Time": ""}, {"raspberryPiNo": 1234, "EventType": "Speed Bump", "Label": "Reckless", "Location": "", "Date": "", "Time": ""}, {"raspberryPiNo": 1234, "EventType": "Speed Bump", "Label": "Reckless", "Location": "", "Date": "", "Time": ""}, {"raspberryPiNo": 1234, "EventType": "Speed Bump", "Label": "Reckless", "Location": "", "Date": "", "Time": ""}, {"raspberryPiNo": 1234, "EventType": "Speed Bump", "Label": "Reckless", "Location": "", "Date": "", "Time": ""}, {"raspberryPiNo": 1234, "EventType": "Speed Bump", "Label": "Reckless", "Location": "", "Date": "", "Time": ""}, {"raspberryPiNo": 1234, "EventType": "Speed Bump", "Label": "Reckless", "Location": "", "Date": "", "Time": ""}, {"raspberryPiNo": 1234, "EventType": "Speed Bump", "Label": "Reckless", "Location": "", "Date": "", "Time": ""}, {"raspberryPiNo": 1234, "EventType": "Speed Bump", "Label": "Reckless", "Location": "", "Date": "", "Time": ""}, {"raspberryPiNo": 1234, "EventType": "Speed Bump", "Label": "Reckless", "Location": "", "Date": "", "Time": ""}, {"raspberryPiNo": 1234, "EventType": "Speed Bump", "Label": "NotReckless", "Location": "https://www.google.com/maps/@25.3715083,51.4854365,15z", "Date": "", "Time": ""}, {"raspberryPiNo": 1234, "EventType": "Speed Bump", "Label": "NotReckless", "Location": "https://www.google.com/maps/@25.3715083,51.4854365,15z", "Date": "", "Time": ""}, {"raspberryPiNo": 1234, "EventType": "Speed Bump", "Label": "NotReckless", "Location": "https://www.google.com/maps/@25.3715083,51.4854365,15z", "Date": "", "Time": ""}, {"raspberryPiNo": 1234, "EventType": "Speed Bump", "Label": "NotReckless", "Location": "https://www.google.com/maps/@25.3715083,51.4854365,15z", "Date": "", "Time": ""}, {"raspberryPiNo": 1234, "EventType": "Speed Bump", "Label": "NotReckless", "Location": "https://www.google.com/maps/@25.3715083,51.4854365,15z", "Date": "", "Time": ""}, {"raspberryPiNo": 1234, "EventType": "Speed Bump", "Label": "NotReckless", "Location": "https://www.google.com/maps/@25.3715083,51.4854365,15z", "Date": "", "Time": ""}, {"raspberryPiNo": 1234, "EventType": "Speed Bump", "Label": "NotReckless", "Location": "https://www.google.com/maps/@25.3715083,51.4854365,15z", "Date": "", "Time": ""}, {"raspberryPiNo": 1234, "EventType": "Speed Bump", "Label": "NotReckless", "Location": "https://www.google.com/maps/@25.3715083,51.4854365,15z", "Date": "", "Time": ""}, {"raspberryPiNo": 1234, "EventType": "Speed Bump", "Label": "NotReckless", "Location": "https://www.google.com/maps/@25.3715083,51.4854365,15z", "Date": "", "Time": ""}, {"raspberryPiNo": 1234, "EventType": "Speed Bump", "Label": "NotReckless", "Location": "https://www.google.com/maps/@25.3715083,51.4854365,15z", "Date": "", "Time": ""}, {"raspberryPiNo": 1234, "EventType": "Speed Bump", "Label": "NotReckless", "Location": "https://www.google.com/maps/@25.3715083,51.4854365,15z", "Date": "", "Time": ""}, {"raspberryPiNo": 1234, "EventType": "Sudden Brake", "Label": "Reckless", "Location": "", "Date": "", "Time": ""}, {"raspberryPiNo": 1234, "EventType": "Sudden Brake", "Label": "Reckless", "Location": "", "Date": "", "Time": ""}, {"raspberryPiNo": 1234, "EventType": "Sudden Brake", "Label": "Reckless", "Location": "", "Date": "", "Time": ""}, {"raspberryPiNo": 1234, "EventType": "Sudden Brake", "Label": "Reckless", "Location": "", "Date": "", "Time": ""}, {"raspberryPiNo": 1234, "EventType": "Sudden Brake", "Label": "Reckless", "Location": "", "Date": "", "Time": ""}, {"raspberryPiNo": 1234, "EventType": "Sudden Brake", "Label": "Reckless", "Location": "", "Date": "", "Time": ""}, {"raspberryPiNo": 1234, "EventType": "Sudden Brake", "Label": "Reckless", "Location": "", "Date": "", "Time": ""}, {"raspberryPiNo": 1234, "EventType": "Sudden Brake", "Label": "Reckless", "Location": "", "Date": "", "Time": ""}, {"raspberryPiNo": 1234, "EventType": "Sudden Brake", "Label": "Reckless", "Location": "", "Date": "", "Time": ""}, {"raspberryPiNo": 1234, "EventType": "Sudden Brake", "Label": "Reckless", "Location": "", "Date": "", "Time": ""}, {"raspberryPiNo": 1234, "EventType": "Sudden Brake", "Label": "Reckless", "Location": "", "Date": "", "Time": ""}, {"raspberryPiNo": 1234, "EventType": "Sudden Brake", "Label": "Reckless", "Location": "", "Date": "", "Time": ""}, {"raspberryPiNo": 1234, "EventType": "Sudden Brake", "Label": "Reckless", "Location": "", "Date": "", "Time": ""}, {"raspberryPiNo": 1234, "EventType": "Sudden Brake", "Label": "Reckless", "Location": "", "Date": "", "Time": ""}, {"raspberryPiNo": 1234, "EventType": "Sudden Brake", "Label": "Reckless", "Location": "", "Date": "", "Time": ""}, {"raspberryPiNo": 1234, "EventType": "Sudden Brake", "Label": "Reckless", "Location": "", "Date": "", "Time": ""}, {"raspberryPiNo": 1234, "EventType": "Sudden Brake", "Label": "Reckless", "Location": "", "Date": "", "Time": ""}, {"raspberryPiNo": 1234, "EventType": "Sudden Brake", "Label": "Reckless", "Location": "", "Date": "", "Time": ""}, {"raspberryPiNo": 1234, "EventType": "Sudden Brake", "Label": "Reckless", "Location": "", "Date": "", "Time": ""}, {"raspberryPiNo": 1234, "EventType": "Left Turn", "Label": "NotReckless", "Location": "", "Date": "", "Time": ""}, {"raspberryPiNo": 1234, "EventType": "Left Turn", "Label": "NotReckless", "Location": "", "Date": "", "Time": ""}, {"raspberryPiNo": 1234, "EventType": "Left Turn", "Label": "NotReckless", "Location": "", "Date": "", "Time": ""}, {"raspberryPiNo": 1234, "EventType": "Left Turn", "Label": "NotReckless", "Location": "", "Date": "", "Time": ""}, {"raspberryPiNo": 1234, "EventType": "Left Turn", "Label": "NotReckless", "Location": "", "Date": "", "Time": ""}, {"raspberryPiNo": 1234, "EventType": "Left Turn", "Label": "NotReckless", "Location": "", "Date": "", "Time": ""}, {"raspberryPiNo": 1234, "EventType": "Left Turn", "Label": "NotReckless", "Location": "", "Date": "", "Time": ""}, {"raspberryPiNo": 1234, "EventType": "Left Turn", "Label": "NotReckless", "Location": "", "Date": "", "Time": ""}, {"raspberryPiNo": 1234, "EventType": "Left Turn", "Label": "NotReckless", "Location": "", "Date": "", "Time": ""}, {"raspberryPiNo": 1234, "EventType": "Left Turn", "Label": "NotReckless", "Location": "", "Date": "", "Time": ""}, {"raspberryPiNo": 1234, "EventType": "Left Turn", "Label": "NotReckless", "Location": "", "Date": "", "Time": ""}, {"raspberryPiNo": 1234, "EventType": "Left Turn", "Label": "NotReckless", "Location": "", "Date": "", "Time": ""}, {"raspberryPiNo": 1234, "EventType": "Left Turn", "Label": "NotReckless", "Location": "", "Date": "", "Time": ""}, {"raspberryPiNo": 1234, "EventType": "Left Turn", "Label": "NotReckless", "Location": "", "Date": "", "Time": ""}, {"raspberryPiNo": 1234, "EventType": "Left Turn", "Label": "NotReckless", "Location": "", "Date": "", "Time": ""}, {"raspberryPiNo": 1234, "EventType": "Left Turn", "Label": "NotReckless", "Location": "", "Date": "", "Time": ""}, {"raspberryPiNo": 1234, "EventType": "Left Turn", "Label": "NotReckless", "Location": "", "Date": "", "Time": ""}, {"raspberryPiNo": 1234, "EventType": "Left Turn", "Label": "NotReckless", "Location": "", "Date": "", "Time": ""}, {"raspberryPiNo": 1234, "EventType": "Left Turn", "Label": "NotReckless", "Location": "", "Date": "", "Time": ""}, {"raspberryPiNo": 1234, "EventType": "Left Turn", "Label": "NotReckless", "Location": "", "Date": "", "Time": ""}, {"raspberryPiNo": 1234, "EventType": "Left Turn", "Label": "NotReckless", "Location": "", "Date": "", "Time": ""}, {"raspberryPiNo": 1234, "EventType": "Left Turn", "Label": "NotReckless", "Location": "", "Date": "", "Time": ""}, {"raspberryPiNo": 1234, "EventType": "Left Turn", "Label": "NotReckless", "Location": "", "Date": "", "Time": ""}, {"raspberryPiNo": 1234, "EventType": "Left Turn", "Label": "NotReckless", "Location": "", "Date": "", "Time": ""}, {"raspberryPiNo": 1234, "EventType": "Left Turn", "Label": "NotReckless", "Location": "", "Date": "", "Time": ""}, {"raspberryPiNo": 1234, "EventType": "Left Turn", "Label": "NotReckless", "Location": "", "Date": "", "Time": ""}, {"raspberryPiNo": 1234, "EventType": "Left Turn", "Label": "NotReckless", "Location": "", "Date": "", "Time": ""}, {"raspberryPiNo": 1234, "EventType": "Left Turn", "Label": "NotReckless", "Location": "", "Date": "", "Time": ""}, {"raspberryPiNo": 1234, "EventType": "Left Turn", "Label": "NotReckless", "Location": "", "Date": "", "Time": ""}, {"raspberryPiNo": 1234, "EventType": "Left Turn", "Label": "NotReckless", "Location": "", "Date": "", "Time": ""}, {"raspberryPiNo": 1234, "EventType": "Left Turn", "Label": "NotReckless", "Location": "", "Date": "", "Time": ""}, {"raspberryPiNo": 1234, "EventType": "Left Turn", "Label": "NotReckless", "Location": "", "Date": "", "Time": ""}, {"raspberryPiNo": 1234, "EventType": "Left Turn", "Label": "NotReckless", "Location": "", "Date": "", "Time": ""}, {"raspberryPiNo": 1234, "EventType": "Left Turn", "Label": "NotReckless", "Location": "", "Date": "", "Time": ""}, {"raspberryPiNo": 1234, "EventType": "Left Turn", "Label": "NotReckless", "Location": "", "Date": "", "Time": ""}, {"raspberryPiNo": 1234, "EventType": "Left Turn", "Label": "NotReckless", "Location": "", "Date": "", "Time": ""}, {"raspberryPiNo": 1234, "EventType": "Left Turn", "Label": "NotReckless", "Location": "", "Date": "", "Time": ""}, {"raspberryPiNo": 1234, "EventType": "Left Turn", "Label": "NotReckless", "Location": "", "Date": "", "Time": ""}, {"raspberryPiNo": 1234, "EventType": "Left Turn", "Label": "NotReckless", "Location": "", "Date": "", "Time": ""}, {"raspberryPiNo": 1234, "EventType": "Left Turn", "Label": "NotReckless", "Location": "", "Date": "", "Time": ""}, {"raspberryPiNo": 1234, "EventType": "Left Turn", "Label": "Reckless", "Location": "", "Date": "", "Time": ""}, {"raspberryPiNo": 1234, "EventType": "Left Turn", "Label": "NotReckless", "Location": "", "Date": "", "Time": ""}, {"raspberryPiNo": 1234, "EventType": "Left Turn", "Label": "NotReckless", "Location": "", "Date": "", "Time": ""}, {"raspberryPiNo": 1234, "EventType": "Left Turn", "Label": "NotReckless", "Location": "", "Date": "", "Time": ""}, {"raspberryPiNo": 1234, "EventType": "Left Turn", "Label": "NotReckless", "Location": "", "Date": "", "Time": ""}, {"raspberryPiNo": 1234, "EventType": "Left Turn", "Label": "NotReckless", "Location": "", "Date": "", "Time": ""}, {"raspberryPiNo": 1234, "EventType": "Left Turn", "Label": "NotReckless", "Location": "", "Date": "", "Time": ""}, {"raspberryPiNo": 1234, "EventType": "Left Turn", "Label": "NotReckless", "Location": "", "Date": "", "Time": ""}, {"raspberryPiNo": 1234, "EventType": "Left Turn", "Label": "NotReckless", "Location": "", "Date": "", "Time": ""}, {"raspberryPiNo": 1234, "EventType": "Left Turn", "Label": "NotReckless", "Location": "", "Date": "", "Time": ""}, {"raspberryPiNo": 1234, "EventType": "Left Turn", "Label": "NotReckless", "Location": "", "Date": "", "Time": ""}, {"raspberryPiNo": 1234, "EventType": "Left Turn", "Label": "NotReckless", "Location": "", "Date": "", "Time": ""}, {"raspberryPiNo": 1234, "EventType": "Left Turn", "Label": "Reckless", "Location": "", "Date": "", "Time": ""}, {"raspberryPiNo": 1234, "EventType": "Left Turn", "Label": "Reckless", "Location": "", "Date": "", "Time": ""}, {"raspberryPiNo": 1234, "EventType": "Left Turn", "Label": "Reckless", "Location": "", "Date": "", "Time": ""}, {"raspberryPiNo": 1234, "EventType": "Left Turn", "Label": "Reckless", "Location": "", "Date": "", "Time": ""}, {"raspberryPiNo": 1234, "EventType": "Left Turn", "Label": "Reckless", "Location": "", "Date": "", "Time": ""}, {"raspberryPiNo": 1234, "EventType": "Left Turn", "Label": "Reckless", "Location": "", "Date": "", "Time": ""}, {"raspberryPiNo": 1234, "EventType": "Left Turn", "Label": "Reckless", "Location": "", "Date": "", "Time": ""}, {"raspberryPiNo": 1234, "EventType": "Left Turn", "Label": "Reckless", "Location": "", "Date": "", "Time": ""}, {"raspberryPiNo": 1234, "EventType": "Left Turn", "Label": "Reckless", "Location": "", "Date": "", "Time": ""}, {"raspberryPiNo": 1234, "EventType": "Left Turn", "Label": "Reckless", "Location": "", "Date": "", "Time": ""}, {"raspberryPiNo": 1234, "EventType": "Left Turn", "Label": "Reckless", "Location": "", "Date": "", "Time": ""}, {"raspberryPiNo": 1234, "EventType": "Left Turn", "Label": "Reckless", "Location": "", "Date": "", "Time": ""}, {"raspberryPiNo": 1234, "EventType": "Left Turn", "Label": "Reckless", "Location": "", "Date": "", "Time": ""}, {"raspberryPiNo": 1234, "EventType": "Left Turn", "Label": "Reckless", "Location": "", "Date": "", "Time": ""}, {"raspberryPiNo": 1234, "EventType": "Left Turn", "Label": "Reckless", "Location": "", "Date": "", "Time": ""}, {"raspberryPiNo": 1234, "EventType": "Left Turn", "Label": "Reckless", "Location": "", "Date": "", "Time": ""}, {"raspberryPiNo": 1234, "EventType": "Left Turn", "Label": "Reckless", "Location": "", "Date": "", "Time": ""}, {"raspberryPiNo": 1234, "EventType": "Left Turn", "Label": "Reckless", "Location": "", "Date": "", "Time": ""}, {"raspberryPiNo": 1234, "EventType": "Left Turn", "Label": "Reckless", "Location": "", "Date": "", "Time": ""}, {"raspberryPiNo": 1234, "EventType": "Left Turn", "Label": "Reckless", "Location": "", "Date": "", "Time": ""}, {"raspberryPiNo": 1234, "EventType": "Left Turn", "Label": "Reckless", "Location": "", "Date": "", "Time": ""}, {"raspberryPiNo": 1234, "EventType": "Left Turn", "Label": "Reckless", "Location": "", "Date": "", "Time": ""}, {"raspberryPiNo": 1234, "EventType": "Left Turn", "Label": "NotReckless", "Location": "", "Date": "", "Time": ""}, {"raspberryPiNo": 1234, "EventType": "Left Turn", "Label": "NotReckless", "Location": "", "Date": "", "Time": ""}, {"raspberryPiNo": 1234, "EventType": "Left Turn", "Label": "NotReckless", "Location": "", "Date": "", "Time": ""}, {"raspberryPiNo": 1234, "EventType": "Left Turn", "Label": "NotReckless", "Location": "", "Date": "", "Time": ""}, {"raspberryPiNo": 1234, "EventType": "Left Turn", "Label": "NotReckless", "Location": "", "Date": "", "Time": ""}, {"raspberryPiNo": 1234, "EventType": "Left Turn", "Label": "NotReckless", "Location": "", "Date": "", "Time": ""}, {"raspberryPiNo": 1234, "EventType": "Left Turn", "Label": "NotReckless", "Location": "", "Date": "", "Time": ""}, {"raspberryPiNo": 1234, "EventType": "Right Turn", "Label": "Reckless", "Location": "", "Date": "", "Time": ""}, {"raspberryPiNo": 1234, "EventType": "Right Turn", "Label": "NotReckless", "Location": "", "Date": "", "Time": ""}, {"raspberryPiNo": 1234, "EventType": "Right Turn", "Label": "NotReckless", "Location": "", "Date": "", "Time": ""}, {"raspberryPiNo": 1234, "EventType": "Right Turn", "Label": "NotReckless", "Location": "", "Date": "", "Time": ""}, {"raspberryPiNo": 1234, "EventType": "Right Turn", "Label": "NotReckless", "Location": "", "Date": "", "Time": ""}, {"raspberryPiNo": 1234, "EventType": "Right Turn", "Label": "NotReckless", "Location": "", "Date": "", "Time": ""}, {"raspberryPiNo": 1234, "EventType": "Right Turn", "Label": "NotReckless", "Location": "", "Date": "", "Time": ""}, {"raspberryPiNo": 1234, "EventType": "Right Turn", "Label": "NotReckless", "Location": "", "Date": "", "Time": ""}, {"raspberryPiNo": 1234, "EventType": "Right Turn", "Label": "NotReckless", "Location": "", "Date": "", "Time": ""}, {"raspberryPiNo": 1234, "EventType": "Right Turn", "Label": "Reckless", "Location": "", "Date": "", "Time": ""}, {"raspberryPiNo": 1234, "EventType": "Right Turn", "Label": "NotReckless", "Location": "", "Date": "", "Time": ""}, {"raspberryPiNo": 1234, "EventType": "Right Turn", "Label": "Reckless", "Location": "", "Date": "", "Time": ""}, {"raspberryPiNo": 1234, "EventType": "Right Turn", "Label": "Reckless", "Location": "", "Date": "", "Time": ""}, {"raspberryPiNo": 1234, "EventType": "Right Turn", "Label": "Reckless", "Location": "", "Date": "", "Time": ""}, {"raspberryPiNo": 1234, "EventType": "Right Turn", "Label": "Reckless", "Location": "", "Date": "", "Time": ""}, {"raspberryPiNo": 1234, "EventType": "Right Turn", "Label": "Reckless", "Location": "", "Date": "", "Time": ""}, {"raspberryPiNo": 1234, "EventType": "Right Turn", "Label": "Reckless", "Location": "", "Date": "", "Time": ""}, {"raspberryPiNo": 1234, "EventType": "Right Turn", "Label": "Reckless", "Location": "", "Date": "", "Time": ""}, {"raspberryPiNo": 1234, "EventType": "Right Turn", "Label": "Reckless", "Location": "", "Date": "", "Time": ""}, {"raspberryPiNo": 1234, "EventType": "Right Turn", "Label": "Reckless", "Location": "", "Date": "", "Time": ""}, {"raspberryPiNo": 1234, "EventType": "Right Turn", "Label": "Reckless", "Location": "", "Date": "", "Time": ""}, {"raspberryPiNo": 1234, "EventType": "Right Turn", "Label": "Reckless", "Location": "", "Date": "", "Time": ""}, {"raspberryPiNo": 1234, "EventType": "Right Turn", "Label": "Reckless", "Location": "", "Date": "", "Time": ""}, {"raspberryPiNo": 1234, "EventType": "Right Turn", "Label": "NotReckless", "Location": "", "Date": "", "Time": ""}, {"raspberryPiNo": 1234, "EventType": "Right Turn", "Label": "NotReckless", "Location": "", "Date": "", "Time": ""}, {"raspberryPiNo": 1234, "EventType": "Right Turn", "Label": "NotReckless", "Location": "", "Date": "", "Time": ""}, {"raspberryPiNo": 1234, "EventType": "Right Turn", "Label": "NotReckless", "Location": "", "Date": "", "Time": ""}, {"raspberryPiNo": 1234, "EventType": "Right Turn", "Label": "NotReckless", "Location": "", "Date": "", "Time": ""}, {"raspberryPiNo": 1234, "EventType": "Right Turn", "Label": "NotReckless", "Location": "", "Date": "", "Time": ""}, {"raspberryPiNo": 1234, "EventType": "Right Turn", "Label": "NotReckless", "Location": "", "Date": "", "Time": ""}, {"raspberryPiNo": 1234, "EventType": "Right Turn", "Label": "NotReckless", "Location": "", "Date": "", "Time": ""}, {"raspberryPiNo": 1234, "EventType": "Right Turn", "Label": "NotReckless", "Location": "", "Date": "", "Time": ""}, {"raspberryPiNo": 1234, "EventType": "Right Turn", "Label": "NotReckless", "Location": "", "Date": "", "Time": ""}, {"raspberryPiNo": 1234, "EventType": "Right Turn", "Label": "NotReckless", "Location": "", "Date": "", "Time": ""}, {"raspberryPiNo": 1234, "EventType": "Right Turn", "Label": "NotReckless", "Location": "", "Date": "", "Time": ""}, {"raspberryPiNo": 1234, "EventType": "Right Turn", "Label": "NotReckless", "Location": "", "Date": "", "Time": ""}, {"raspberryPiNo": 1234, "EventType": "Right Turn", "Label": "NotReckless", "Location": "", "Date": "", "Time": ""}, {"raspberryPiNo": 1234, "EventType": "Right Turn", "Label": "NotReckless", "Location": "", "Date": "", "Time": ""}, {"raspberryPiNo": 1234, "EventType": "Right Turn", "Label": "NotReckless", "Location": "", "Date": "", "Time": ""}, {"raspberryPiNo": 1234, "EventType": "Right Turn", "Label": "NotReckless", "Location": "", "Date": "", "Time": ""}, {"raspberryPiNo": 1234, "EventType": "Right Turn", "Label": "NotReckless", "Location": "", "Date": "", "Time": ""}, {"raspberryPiNo": 1234, "EventType": "Right Turn", "Label": "NotReckless", "Location": "", "Date": "", "Time": ""}, {"raspberryPiNo": 1234, "EventType": "Right Turn", "Label": "NotReckless", "Location": "", "Date": "", "Time": ""}, {"raspberryPiNo": 1234, "EventType": "Right Turn", "Label": "NotReckless", "Location": "", "Date": "", "Time": ""}, {"raspberryPiNo": 1234, "EventType": "Right Turn", "Label": "NotReckless", "Location": "", "Date": "", "Time": ""}, {"raspberryPiNo": 1234, "EventType": "Right Turn", "Label": "NotReckless", "Location": "", "Date": "", "Time": ""}, {"raspberryPiNo": 1234, "EventType": "Right Turn", "Label": "NotReckless", "Location": "", "Date": "", "Time": ""}, {"raspberryPiNo": 1234, "EventType": "Right Turn", "Label": "NotReckless", "Location": "", "Date": "", "Time": ""}, {"raspberryPiNo": 1234, "EventType": "Right Turn", "Label": "NotReckless", "Location": "", "Date": "", "Time": ""}, {"raspberryPiNo": 1234, "EventType": "Right Turn", "Label": "NotReckless", "Location": "", "Date": "", "Time": ""}, {"raspberryPiNo": 1234, "EventType": "Right Turn", "Label": "NotReckless", "Location": "", "Date": "", "Time": ""}, {"raspberryPiNo": 1234, "EventType": "Right Turn", "Label": "NotReckless", "Location": "", "Date": "", "Time": ""}, {"raspberryPiNo": 1234, "EventType": "Right Turn", "Label": "NotReckless", "Location": "", "Date": "", "Time": ""}, {"raspberryPiNo": 1234, "EventType": "Right Turn", "Label": "NotReckless", "Location": "", "Date": "", "Time": ""}, {"raspberryPiNo": 1234, "EventType": "Right Turn", "Label": "NotReckless", "Location": "", "Date": "", "Time": ""}, {"raspberryPiNo": 1234, "EventType": "Right Turn", "Label": "NotReckless", "Location": "", "Date": "", "Time": ""}, {"raspberryPiNo": 1234, "EventType": "Right Turn", "Label": "NotReckless", "Location": "", "Date": "", "Time": ""}, {"raspberryPiNo": 1234, "EventType": "Right Turn", "Label": "NotReckless", "Location": "", "Date": "", "Time": ""}, {"raspberryPiNo": 1234, "EventType": "Right Turn", "Label": "NotReckless", "Location": "", "Date": "", "Time": ""}, {"raspberryPiNo": 1234, "EventType": "Right Turn", "Label": "NotReckless", "Location": "", "Date": "", "Time": ""}, {"raspberryPiNo": 1234, "EventType": "Right Turn", "Label": "NotReckless", "Location": "", "Date": "", "Time": ""}, {"raspberryPiNo": 1234, "EventType": "Right Turn", "Label": "NotReckless", "Location": "", "Date": "", "Time": ""}, {"raspberryPiNo": 1234, "EventType": "Right Turn", "Label": "NotReckless", "Location": "", "Date": "", "Time": ""}, {"raspberryPiNo": 1234, "EventType": "Right Turn", "Label": "NotReckless", "Location": "", "Date": "", "Time": ""}, {"raspberryPiNo": 1234, "EventType": "Right Turn", "Label": "NotReckless", "Location": "", "Date": "", "Time": ""}, {"raspberryPiNo": 1234, "EventType": "Right Turn", "Label": "NotReckless", "Location": "", "Date": "", "Time": ""}, {"raspberryPiNo": 1234, "EventType": "Right Turn", "Label": "Reckless", "Location": "", "Date": "", "Time": ""}, {"raspberryPiNo": 1234, "EventType": "Right Turn", "Label": "Reckless", "Location": "", "Date": "", "Time": ""}, {"raspberryPiNo": 1234, "EventType": "Right Turn", "Label": "NotReckless", "Location": "", "Date": "", "Time": ""}, {"raspberryPiNo": 1234, "EventType": "Right Turn", "Label": "NotReckless", "Location": "", "Date": "", "Time": ""}, {"raspberryPiNo": 1234, "EventType": "Right Turn", "Label": "NotReckless", "Location": "", "Date": "", "Time": ""}, {"raspberryPiNo": 1234, "EventType": "Right Turn", "Label": "NotReckless", "Location": "", "Date": "", "Time": ""}, {"raspberryPiNo": 1234, "EventType": "Right Turn", "Label": "NotReckless", "Location": "", "Date": "", "Time": ""}, {"raspberryPiNo": 1234, "EventType": "Right Turn", "Label": "NotReckless", "Location": "", "Date": "", "Time": ""}, {"raspberryPiNo": 1234, "EventType": "Right Turn", "Label": "NotReckless", "Location": "", "Date": "", "Time": ""}, {"raspberryPiNo": 1234, "EventType": "Right Turn", "Label": "NotReckless", "Location": "", "Date": "", "Time": ""}, {"raspberryPiNo": 1234, "EventType": "Right Turn", "Label": "NotReckless", "Location": "", "Date": "", "Time": ""}, {"raspberryPiNo": 1234, "EventType": "Right Turn", "Label": "NotReckless", "Location": "", "Date": "", "Time": ""}, {"raspberryPiNo": 1234, "EventType": "Right Turn", "Label": "NotReckless", "Location": "", "Date": "", "Time": ""}, {"raspberryPiNo": 1234, "EventType": "Speed Bump", "Label": "Reckless", "Location": "", "Date": "", "Time": ""}, {"raspberryPiNo": 1234, "EventType": "Speed Bump", "Label": "Reckless", "Location": "", "Date": "", "Time": ""}, {"raspberryPiNo": 1234, "EventType": "Speed Bump", "Label": "Reckless", "Location": "", "Date": "", "Time": ""}, {"raspberryPiNo": 1234, "EventType": "Speed Bump", "Label": "Reckless", "Location": "", "Date": "", "Time": ""}, {"raspberryPiNo": 1234, "EventType": "Speed Bump", "Label": "Reckless", "Location": "", "Date": "", "Time": ""}, {"raspberryPiNo": 1234, "EventType": "Speed Bump", "Label": "Reckless", "Location": "", "Date": "", "Time": ""}, {"raspberryPiNo": 1234, "EventType": "Speed Bump", "Label": "Reckless", "Location": "", "Date": "", "Time": ""}, {"raspberryPiNo": 1234, "EventType": "Speed Bump", "Label": "Reckless", "Location": "", "Date": "", "Time": ""}, {"raspberryPiNo": 1234, "EventType": "Speed Bump", "Label": "Reckless", "Location": "", "Date": "", "Time": ""}, {"raspberryPiNo": 1234, "EventType": "Speed Bump", "Label": "Reckless", "Location": "", "Date": "", "Time": ""}, {"raspberryPiNo": 1234, "EventType": "Speed Bump", "Label": "Reckless", "Location": "", "Date": "", "Time": ""}, {"raspberryPiNo": 1234, "EventType": "Speed Bump", "Label": "Reckless", "Location": "", "Date": "", "Time": ""}, {"raspberryPiNo": 1234, "EventType": "Speed Bump", "Label": "Reckless", "Location": "", "Date": "", "Time": ""}, {"raspberryPiNo": 1234, "EventType": "Speed Bump", "Label": "Reckless", "Location": "", "Date": "", "Time": ""}, {"raspberryPiNo": 1234, "EventType": "Speed Bump", "Label": "Reckless", "Location": "", "Date": "", "Time": ""}, {"raspberryPiNo": 1234, "EventType": "Speed Bump", "Label": "NotReckless", "Location": "https://www.google.com/maps/@25.3715083,51.4854365,15z", "Date": "", "Time": ""}, {"raspberryPiNo": 1234, "EventType": "Speed Bump", "Label": "NotReckless", "Location": "https://www.google.com/maps/@25.3715083,51.4854365,15z", "Date": "", "Time": ""}, {"raspberryPiNo": 1234, "EventType": "Speed Bump", "Label": "NotReckless", "Location": "https://www.google.com/maps/@25.3715083,51.4854365,15z", "Date": "", "Time": ""}, {"raspberryPiNo": 1234, "EventType": "Speed Bump", "Label": "NotReckless", "Location": "https://www.google.com/maps/@25.3715083,51.4854365,15z", "Date": "", "Time": ""}, {"raspberryPiNo": 1234, "EventType": "Speed Bump", "Label": "NotReckless", "Location": "https://www.google.com/maps/@25.3715083,51.4854365,15z", "Date": "", "Time": ""}, {"raspberryPiNo": 1234, "EventType": "Speed Bump", "Label": "NotReckless", "Location": "https://www.google.com/maps/@25.3715083,51.4854365,15z", "Date": "", "Time": ""}, {"raspberryPiNo": 1234, "EventType": "Speed Bump", "Label": "NotReckless", "Location": "https://www.google.com/maps/@25.3715083,51.4854365,15z", "Date": "", "Time": ""}, {"raspberryPiNo": 1234, "EventType": "Speed Bump", "Label": "NotReckless", "Location": "https://www.google.com/maps/@25.3715083,51.4854365,15z", "Date": "", "Time": ""}, {"raspberryPiNo": 1234, "EventType": "Speed Bump", "Label": "NotReckless", "Location": "https://www.google.com/maps/@25.3715083,51.4854365,15z", "Date": "", "Time": ""}, {"raspberryPiNo": 1234, "EventType": "Speed Bump", "Label": "NotReckless", "Location": "https://www.google.com/maps/@25.3715083,51.4854365,15z", "Date": "", "Time": ""}, {"raspberryPiNo": 1234, "EventType": "Speed Bump", "Label": "NotReckless", "Location": "https://www.google.com/maps/@25.3715083,51.4854365,15z", "Date": "", "Time": ""}, {"raspberryPiNo": 1234, "EventType": "Sudden Brake", "Label": "Reckless", "Location": "", "Date": "", "Time": ""}, {"raspberryPiNo": 1234, "EventType": "Sudden Brake", "Label": "Reckless", "Location": "", "Date": "", "Time": ""}, {"raspberryPiNo": 1234, "EventType": "Sudden Brake", "Label": "Reckless", "Location": "", "Date": "", "Time": ""}, {"raspberryPiNo": 1234, "EventType": "Sudden Brake", "Label": "Reckless", "Location": "", "Date": "", "Time": ""}, {"raspberryPiNo": 1234, "EventType": "Sudden Brake", "Label": "Reckless", "Location": "", "Date": "", "Time": ""}, {"raspberryPiNo": 1234, "EventType": "Sudden Brake", "Label": "Reckless", "Location": "", "Date": "", "Time": ""}, {"raspberryPiNo": 1234, "EventType": "Sudden Brake", "Label": "Reckless", "Location": "", "Date": "", "Time": ""}, {"raspberryPiNo": 1234, "EventType": "Sudden Brake", "Label": "Reckless", "Location": "", "Date": "", "Time": ""}, {"raspberryPiNo": 1234, "EventType": "Sudden Brake", "Label": "Reckless", "Location": "", "Date": "", "Time": ""}, {"raspberryPiNo": 1234, "EventType": "Sudden Brake", "Label": "Reckless", "Location": "", "Date": "", "Time": ""}, {"raspberryPiNo": 1234, "EventType": "Sudden Brake", "Label": "Reckless", "Location": "", "Date": "", "Time": ""}, {"raspberryPiNo": 1234, "EventType": "Sudden Brake", "Label": "Reckless", "Location": "", "Date": "", "Time": ""}, {"raspberryPiNo": 1234, "EventType": "Sudden Brake", "Label": "Reckless", "Location": "", "Date": "", "Time": ""}, {"raspberryPiNo": 1234, "EventType": "Sudden Brake", "Label": "Reckless", "Location": "", "Date": "", "Time": ""}, {"raspberryPiNo": 1234, "EventType": "Sudden Brake", "Label": "Reckless", "Location": "", "Date": "", "Time": ""}, {"raspberryPiNo": 1234, "EventType": "Sudden Brake", "Label": "Reckless", "Location": "", "Date": "", "Time": ""}, {"raspberryPiNo": 1234, "EventType": "Sudden Brake", "Label": "Reckless", "Location": "", "Date": "", "Time": ""}, {"raspberryPiNo": 1234, "EventType": "Sudden Brake", "Label": "Reckless", "Location": "", "Date": "", "Time": ""}, {"raspberryPiNo": 1234, "EventType": "Sudden Brake", "Label": "Reckless", "Location": "", "Date": "", "Time": ""}, {"raspberryPiNo": 1234, "EventType": "Left Turn", "Label": "NotReckless", "Location": "", "Date": "", "Time": ""}, {"raspberryPiNo": 1234, "EventType": "Left Turn", "Label": "NotReckless", "Location": "", "Date": "", "Time": ""}, {"raspberryPiNo": 1234, "EventType": "Left Turn", "Label": "NotReckless", "Location": "", "Date": "", "Time": ""}, {"raspberryPiNo": 1234, "EventType": "Left Turn", "Label": "NotReckless", "Location": "", "Date": "", "Time": ""}, {"raspberryPiNo": 1234, "EventType": "Left Turn", "Label": "NotReckless", "Location": "", "Date": "", "Time": ""}, {"raspberryPiNo": 1234, "EventType": "Left Turn", "Label": "NotReckless", "Location": "", "Date": "", "Time": ""}, {"raspberryPiNo": 1234, "EventType": "Left Turn", "Label": "NotReckless", "Location": "", "Date": "", "Time": ""}, {"raspberryPiNo": 1234, "EventType": "Left Turn", "Label": "NotReckless", "Location": "", "Date": "", "Time": ""}, {"raspberryPiNo": 1234, "EventType": "Left Turn", "Label": "NotReckless", "Location": "", "Date": "", "Time": ""}, {"raspberryPiNo": 1234, "EventType": "Left Turn", "Label": "NotReckless", "Location": "", "Date": "", "Time": ""}, {"raspberryPiNo": 1234, "EventType": "Left Turn", "Label": "NotReckless", "Location": "", "Date": "", "Time": ""}, {"raspberryPiNo": 1234, "EventType": "Left Turn", "Label": "NotReckless", "Location": "", "Date": "", "Time": ""}, {"raspberryPiNo": 1234, "EventType": "Left Turn", "Label": "NotReckless", "Location": "", "Date": "", "Time": ""}, {"raspberryPiNo": 1234, "EventType": "Left Turn", "Label": "NotReckless", "Location": "", "Date": "", "Time": ""}, {"raspberryPiNo": 1234, "EventType": "Left Turn", "Label": "NotReckless", "Location": "", "Date": "", "Time": ""}, {"raspberryPiNo": 1234, "EventType": "Left Turn", "Label": "NotReckless", "Location": "", "Date": "", "Time": ""}, {"raspberryPiNo": 1234, "EventType": "Left Turn", "Label": "NotReckless", "Location": "", "Date": "", "Time": ""}, {"raspberryPiNo": 1234, "EventType": "Left Turn", "Label": "NotReckless", "Location": "", "Date": "", "Time": ""}, {"raspberryPiNo": 1234, "EventType": "Left Turn", "Label": "NotReckless", "Location": "", "Date": "", "Time": ""}, {"raspberryPiNo": 1234, "EventType": "Left Turn", "Label": "NotReckless", "Location": "", "Date": "", "Time": ""}, {"raspberryPiNo": 1234, "EventType": "Left Turn", "Label": "NotReckless", "Location": "", "Date": "", "Time": ""}, {"raspberryPiNo": 1234, "EventType": "Left Turn", "Label": "NotReckless", "Location": "", "Date": "", "Time": ""}, {"raspberryPiNo": 1234, "EventType": "Left Turn", "Label": "NotReckless", "Location": "", "Date": "", "Time": ""}, {"raspberryPiNo": 1234, "EventType": "Left Turn", "Label": "NotReckless", "Location": "", "Date": "", "Time": ""}, {"raspberryPiNo": 1234, "EventType": "Left Turn", "Label": "NotReckless", "Location": "", "Date": "", "Time": ""}, {"raspberryPiNo": 1234, "EventType": "Left Turn", "Label": "NotReckless", "Location": "", "Date": "", "Time": ""}, {"raspberryPiNo": 1234, "EventType": "Left Turn", "Label": "NotReckless", "Location": "", "Date": "", "Time": ""}, {"raspberryPiNo": 1234, "EventType": "Left Turn", "Label": "NotReckless", "Location": "", "Date": "", "Time": ""}, {"raspberryPiNo": 1234, "EventType": "Left Turn", "Label": "NotReckless", "Location": "", "Date": "", "Time": ""}, {"raspberryPiNo": 1234, "EventType": "Left Turn", "Label": "NotReckless", "Location": "", "Date": "", "Time": ""}, {"raspberryPiNo": 1234, "EventType": "Left Turn", "Label": "NotReckless", "Location": "", "Date": "", "Time": ""}, {"raspberryPiNo": 1234, "EventType": "Left Turn", "Label": "NotReckless", "Location": "", "Date": "", "Time": ""}, {"raspberryPiNo": 1234, "EventType": "Left Turn", "Label": "NotReckless", "Location": "", "Date": "", "Time": ""}, {"raspberryPiNo": 1234, "EventType": "Left Turn", "Label": "NotReckless", "Location": "", "Date": "", "Time": ""}, {"raspberryPiNo": 1234, "EventType": "Left Turn", "Label": "NotReckless", "Location": "", "Date": "", "Time": ""}, {"raspberryPiNo": 1234, "EventType": "Left Turn", "Label": "NotReckless", "Location": "", "Date": "", "Time": ""}, {"raspberryPiNo": 1234, "EventType": "Left Turn", "Label": "NotReckless", "Location": "", "Date": "", "Time": ""}, {"raspberryPiNo": 1234, "EventType": "Left Turn", "Label": "NotReckless", "Location": "", "Date": "", "Time": ""}, {"raspberryPiNo": 1234, "EventType": "Left Turn", "Label": "NotReckless", "Location": "", "Date": "", "Time": ""}, {"raspberryPiNo": 1234, "EventType": "Left Turn", "Label": "NotReckless", "Location": "", "Date": "", "Time": ""}, {"raspberryPiNo": 1234, "EventType": "Left Turn", "Label": "Reckless", "Location": "", "Date": "", "Time": ""}, {"raspberryPiNo": 1234, "EventType": "Left Turn", "Label": "NotReckless", "Location": "", "Date": "", "Time": ""}, {"raspberryPiNo": 1234, "EventType": "Left Turn", "Label": "NotReckless", "Location": "", "Date": "", "Time": ""}, {"raspberryPiNo": 1234, "EventType": "Left Turn", "Label": "NotReckless", "Location": "", "Date": "", "Time": ""}, {"raspberryPiNo": 1234, "EventType": "Left Turn", "Label": "NotReckless", "Location": "", "Date": "", "Time": ""}, {"raspberryPiNo": 1234, "EventType": "Left Turn", "Label": "NotReckless", "Location": "", "Date": "", "Time": ""}, {"raspberryPiNo": 1234, "EventType": "Left Turn", "Label": "NotReckless", "Location": "", "Date": "", "Time": ""}, {"raspberryPiNo": 1234, "EventType": "Left Turn", "Label": "NotReckless", "Location": "", "Date": "", "Time": ""}, {"raspberryPiNo": 1234, "EventType": "Left Turn", "Label": "NotReckless", "Location": "", "Date": "", "Time": ""}, {"raspberryPiNo": 1234, "EventType": "Left Turn", "Label": "NotReckless", "Location": "", "Date": "", "Time": ""}, {"raspberryPiNo": 1234, "EventType": "Left Turn", "Label": "NotReckless", "Location": "", "Date": "", "Time": ""}, {"raspberryPiNo": 1234, "EventType": "Left Turn", "Label": "NotReckless", "Location": "", "Date": "", "Time": ""}, {"raspberryPiNo": 1234, "EventType": "Left Turn", "Label": "Reckless", "Location": "", "Date": "", "Time": ""}, {"raspberryPiNo": 1234, "EventType": "Left Turn", "Label": "Reckless", "Location": "", "Date": "", "Time": ""}, {"raspberryPiNo": 1234, "EventType": "Left Turn", "Label": "Reckless", "Location": "", "Date": "", "Time": ""}, {"raspberryPiNo": 1234, "EventType": "Left Turn", "Label": "Reckless", "Location": "", "Date": "", "Time": ""}, {"raspberryPiNo": 1234, "EventType": "Left Turn", "Label": "Reckless", "Location": "", "Date": "", "Time": ""}, {"raspberryPiNo": 1234, "EventType": "Left Turn", "Label": "Reckless", "Location": "", "Date": "", "Time": ""}, {"raspberryPiNo": 1234, "EventType": "Left Turn", "Label": "Reckless", "Location": "", "Date": "", "Time": ""}, {"raspberryPiNo": 1234, "EventType": "Left Turn", "Label": "Reckless", "Location": "", "Date": "", "Time": ""}, {"raspberryPiNo": 1234, "EventType": "Left Turn", "Label": "Reckless", "Location": "", "Date": "", "Time": ""}, {"raspberryPiNo": 1234, "EventType": "Left Turn", "Label": "Reckless", "Location": "", "Date": "", "Time": ""}, {"raspberryPiNo": 1234, "EventType": "Left Turn", "Label": "Reckless", "Location": "", "Date": "", "Time": ""}, {"raspberryPiNo": 1234, "EventType": "Left Turn", "Label": "Reckless", "Location": "", "Date": "", "Time": ""}, {"raspberryPiNo": 1234, "EventType": "Left Turn", "Label": "Reckless", "Location": "", "Date": "", "Time": ""}, {"raspberryPiNo": 1234, "EventType": "Left Turn", "Label": "Reckless", "Location": "", "Date": "", "Time": ""}, {"raspberryPiNo": 1234, "EventType": "Left Turn", "Label": "Reckless", "Location": "", "Date": "", "Time": ""}, {"raspberryPiNo": 1234, "EventType": "Left Turn", "Label": "Reckless", "Location": "", "Date": "", "Time": ""}, {"raspberryPiNo": 1234, "EventType": "Left Turn", "Label": "Reckless", "Location": "", "Date": "", "Time": ""}, {"raspberryPiNo": 1234, "EventType": "Left Turn", "Label": "Reckless", "Location": "", "Date": "", "Time": ""}, {"raspberryPiNo": 1234, "EventType": "Left Turn", "Label": "Reckless", "Location": "", "Date": "", "Time": ""}, {"raspberryPiNo": 1234, "EventType": "Left Turn", "Label": "Reckless", "Location": "", "Date": "", "Time": ""}, {"raspberryPiNo": 1234, "EventType": "Left Turn", "Label": "Reckless", "Location": "", "Date": "", "Time": ""}, {"raspberryPiNo": 1234, "EventType": "Left Turn", "Label": "Reckless", "Location": "", "Date": "", "Time": ""}, {"raspberryPiNo": 1234, "EventType": "Left Turn", "Label": "NotReckless", "Location": "", "Date": "", "Time": ""}, {"raspberryPiNo": 1234, "EventType": "Left Turn", "Label": "NotReckless", "Location": "", "Date": "", "Time": ""}, {"raspberryPiNo": 1234, "EventType": "Left Turn", "Label": "NotReckless", "Location": "", "Date": "", "Time": ""}, {"raspberryPiNo": 1234, "EventType": "Left Turn", "Label": "NotReckless", "Location": "", "Date": "", "Time": ""}, {"raspberryPiNo": 1234, "EventType": "Left Turn", "Label": "NotReckless", "Location": "", "Date": "", "Time": ""}, {"raspberryPiNo": 1234, "EventType": "Left Turn", "Label": "NotReckless", "Location": "", "Date": "", "Time": ""}, {"raspberryPiNo": 1234, "EventType": "Left Turn", "Label": "NotReckless", "Location": "", "Date": "", "Time": ""}, {"raspberryPiNo": 1234, "EventType": "Right Turn", "Label": "Reckless", "Location": "", "Date": "", "Time": ""}, {"raspberryPiNo": 1234, "EventType": "Right Turn", "Label": "NotReckless", "Location": "", "Date": "", "Time": ""}, {"raspberryPiNo": 1234, "EventType": "Right Turn", "Label": "NotReckless", "Location": "", "Date": "", "Time": ""}, {"raspberryPiNo": 1234, "EventType": "Right Turn", "Label": "NotReckless", "Location": "", "Date": "", "Time": ""}, {"raspberryPiNo": 1234, "EventType": "Right Turn", "Label": "NotReckless", "Location": "", "Date": "", "Time": ""}, {"raspberryPiNo": 1234, "EventType": "Right Turn", "Label": "NotReckless", "Location": "", "Date": "", "Time": ""}, {"raspberryPiNo": 1234, "EventType": "Right Turn", "Label": "NotReckless", "Location": "", "Date": "", "Time": ""}, {"raspberryPiNo": 1234, "EventType": "Right Turn", "Label": "NotReckless", "Location": "", "Date": "", "Time": ""}, {"raspberryPiNo": 1234, "EventType": "Right Turn", "Label": "NotReckless", "Location": "", "Date": "", "Time": ""}, {"raspberryPiNo": 1234, "EventType": "Right Turn", "Label": "Reckless", "Location": "", "Date": "", "Time": ""}, {"raspberryPiNo": 1234, "EventType": "Right Turn", "Label": "NotReckless", "Location": "", "Date": "", "Time": ""}, {"raspberryPiNo": 1234, "EventType": "Right Turn", "Label": "Reckless", "Location": "", "Date": "", "Time": ""}, {"raspberryPiNo": 1234, "EventType": "Right Turn", "Label": "Reckless", "Location": "", "Date": "", "Time": ""}, {"raspberryPiNo": 1234, "EventType": "Right Turn", "Label": "Reckless", "Location": "", "Date": "", "Time": ""}, {"raspberryPiNo": 1234, "EventType": "Right Turn", "Label": "Reckless", "Location": "", "Date": "", "Time": ""}, {"raspberryPiNo": 1234, "EventType": "Right Turn", "Label": "Reckless", "Location": "", "Date": "", "Time": ""}, {"raspberryPiNo": 1234, "EventType": "Right Turn", "Label": "Reckless", "Location": "", "Date": "", "Time": ""}, {"raspberryPiNo": 1234, "EventType": "Right Turn", "Label": "Reckless", "Location": "", "Date": "", "Time": ""}, {"raspberryPiNo": 1234, "EventType": "Right Turn", "Label": "Reckless", "Location": "", "Date": "", "Time": ""}, {"raspberryPiNo": 1234, "EventType": "Right Turn", "Label": "Reckless", "Location": "", "Date": "", "Time": ""}, {"raspberryPiNo": 1234, "EventType": "Right Turn", "Label": "Reckless", "Location": "", "Date": "", "Time": ""}, {"raspberryPiNo": 1234, "EventType": "Right Turn", "Label": "Reckless", "Location": "", "Date": "", "Time": ""}, {"raspberryPiNo": 1234, "EventType": "Right Turn", "Label": "Reckless", "Location": "", "Date": "", "Time": ""}, {"raspberryPiNo": 1234, "EventType": "Right Turn", "Label": "NotReckless", "Location": "", "Date": "", "Time": ""}, {"raspberryPiNo": 1234, "EventType": "Right Turn", "Label": "NotReckless", "Location": "", "Date": "", "Time": ""}, {"raspberryPiNo": 1234, "EventType": "Right Turn", "Label": "NotReckless", "Location": "", "Date": "", "Time": ""}, {"raspberryPiNo": 1234, "EventType": "Right Turn", "Label": "NotReckless", "Location": "", "Date": "", "Time": ""}, {"raspberryPiNo": 1234, "EventType": "Right Turn", "Label": "NotReckless", "Location": "", "Date": "", "Time": ""}, {"raspberryPiNo": 1234, "EventType": "Right Turn", "Label": "NotReckless", "Location": "", "Date": "", "Time": ""}, {"raspberryPiNo": 1234, "EventType": "Right Turn", "Label": "NotReckless", "Location": "", "Date": "", "Time": ""}, {"raspberryPiNo": 1234, "EventType": "Right Turn", "Label": "NotReckless", "Location": "", "Date": "", "Time": ""}, {"raspberryPiNo": 1234, "EventType": "Right Turn", "Label": "NotReckless", "Location": "", "Date": "", "Time": ""}, {"raspberryPiNo": 1234, "EventType": "Right Turn", "Label": "NotReckless", "Location": "", "Date": "", "Time": ""}, {"raspberryPiNo": 1234, "EventType": "Right Turn", "Label": "NotReckless", "Location": "", "Date": "", "Time": ""}, {"raspberryPiNo": 1234, "EventType": "Right Turn", "Label": "NotReckless", "Location": "", "Date": "", "Time": ""}, {"raspberryPiNo": 1234, "EventType": "Right Turn", "Label": "NotReckless", "Location": "", "Date": "", "Time": ""}, {"raspberryPiNo": 1234, "EventType": "Right Turn", "Label": "NotReckless", "Location": "", "Date": "", "Time": ""}, {"raspberryPiNo": 1234, "EventType": "Right Turn", "Label": "NotReckless", "Location": "", "Date": "", "Time": ""}, {"raspberryPiNo": 1234, "EventType": "Right Turn", "Label": "NotReckless", "Location": "", "Date": "", "Time": ""}, {"raspberryPiNo": 1234, "EventType": "Right Turn", "Label": "NotReckless", "Location": "", "Date": "", "Time": ""}, {"raspberryPiNo": 1234, "EventType": "Right Turn", "Label": "NotReckless", "Location": "", "Date": "", "Time": ""}, {"raspberryPiNo": 1234, "EventType": "Right Turn", "Label": "NotReckless", "Location": "", "Date": "", "Time": ""}, {"raspberryPiNo": 1234, "EventType": "Right Turn", "Label": "NotReckless", "Location": "", "Date": "", "Time": ""}, {"raspberryPiNo": 1234, "EventType": "Right Turn", "Label": "NotReckless", "Location": "", "Date": "", "Time": ""}, {"raspberryPiNo": 1234, "EventType": "Right Turn", "Label": "NotReckless", "Location": "", "Date": "", "Time": ""}, {"raspberryPiNo": 1234, "EventType": "Right Turn", "Label": "NotReckless", "Location": "", "Date": "", "Time": ""}, {"raspberryPiNo": 1234, "EventType": "Right Turn", "Label": "NotReckless", "Location": "", "Date": "", "Time": ""}, {"raspberryPiNo": 1234, "EventType": "Right Turn", "Label": "NotReckless", "Location": "", "Date": "", "Time": ""}, {"raspberryPiNo": 1234, "EventType": "Right Turn", "Label": "NotReckless", "Location": "", "Date": "", "Time": ""}, {"raspberryPiNo": 1234, "EventType": "Right Turn", "Label": "NotReckless", "Location": "", "Date": "", "Time": ""}, {"raspberryPiNo": 1234, "EventType": "Right Turn", "Label": "NotReckless", "Location": "", "Date": "", "Time": ""}, {"raspberryPiNo": 1234, "EventType": "Right Turn", "Label": "NotReckless", "Location": "", "Date": "", "Time": ""}, {"raspberryPiNo": 1234, "EventType": "Right Turn", "Label": "NotReckless", "Location": "", "Date": "", "Time": ""}, {"raspberryPiNo": 1234, "EventType": "Right Turn", "Label": "NotReckless", "Location": "", "Date": "", "Time": ""}, {"raspberryPiNo": 1234, "EventType": "Right Turn", "Label": "NotReckless", "Location": "", "Date": "", "Time": ""}, {"raspberryPiNo": 1234, "EventType": "Right Turn", "Label": "NotReckless", "Location": "", "Date": "", "Time": ""}, {"raspberryPiNo": 1234, "EventType": "Right Turn", "Label": "NotReckless", "Location": "", "Date": "", "Time": ""}, {"raspberryPiNo": 1234, "EventType": "Right Turn", "Label": "NotReckless", "Location": "", "Date": "", "Time": ""}, {"raspberryPiNo": 1234, "EventType": "Right Turn", "Label": "NotReckless", "Location": "", "Date": "", "Time": ""}, {"raspberryPiNo": 1234, "EventType": "Right Turn", "Label": "NotReckless", "Location": "", "Date": "", "Time": ""}, {"raspberryPiNo": 1234, "EventType": "Right Turn", "Label": "NotReckless", "Location": "", "Date": "", "Time": ""}, {"raspberryPiNo": 1234, "EventType": "Right Turn", "Label": "NotReckless", "Location": "", "Date": "", "Time": ""}, {"raspberryPiNo": 1234, "EventType": "Right Turn", "Label": "NotReckless", "Location": "", "Date": "", "Time": ""}, {"raspberryPiNo": 1234, "EventType": "Right Turn", "Label": "NotReckless", "Location": "", "Date": "", "Time": ""}, {"raspberryPiNo": 1234, "EventType": "Right Turn", "Label": "NotReckless", "Location": "", "Date": "", "Time": ""}, {"raspberryPiNo": 1234, "EventType": "Right Turn", "Label": "NotReckless", "Location": "", "Date": "", "Time": ""}, {"raspberryPiNo": 1234, "EventType": "Right Turn", "Label": "Reckless", "Location": "", "Date": "", "Time": ""}, {"raspberryPiNo": 1234, "EventType": "Right Turn", "Label": "Reckless", "Location": "", "Date": "", "Time": ""}, {"raspberryPiNo": 1234, "EventType": "Right Turn", "Label": "NotReckless", "Location": "", "Date": "", "Time": ""}, {"raspberryPiNo": 1234, "EventType": "Right Turn", "Label": "NotReckless", "Location": "", "Date": "", "Time": ""}, {"raspberryPiNo": 1234, "EventType": "Right Turn", "Label": "NotReckless", "Location": "", "Date": "", "Time": ""}, {"raspberryPiNo": 1234, "EventType": "Right Turn", "Label": "NotReckless", "Location": "", "Date": "", "Time": ""}, {"raspberryPiNo": 1234, "EventType": "Right Turn", "Label": "NotReckless", "Location": "", "Date": "", "Time": ""}, {"raspberryPiNo": 1234, "EventType": "Right Turn", "Label": "NotReckless", "Location": "", "Date": "", "Time": ""}, {"raspberryPiNo": 1234, "EventType": "Right Turn", "Label": "NotReckless", "Location": "", "Date": "", "Time": ""}, {"raspberryPiNo": 1234, "EventType": "Right Turn", "Label": "NotReckless", "Location": "", "Date": "", "Time": ""}, {"raspberryPiNo": 1234, "EventType": "Right Turn", "Label": "NotReckless", "Location": "", "Date": "", "Time": ""}, {"raspberryPiNo": 1234, "EventType": "Right Turn", "Label": "NotReckless", "Location": "", "Date": "", "Time": ""}, {"raspberryPiNo": 1234, "EventType": "Right Turn", "Label": "NotReckless", "Location": "", "Date": "", "Time": ""}, {"raspberryPiNo": 1234, "EventType": "Speed Bump", "Label": "Reckless", "Location": "", "Date": "", "Time": ""}, {"raspberryPiNo": 1234, "EventType": "Speed Bump", "Label": "Reckless", "Location": "", "Date": "", "Time": ""}, {"raspberryPiNo": 1234, "EventType": "Speed Bump", "Label": "Reckless", "Location": "", "Date": "", "Time": ""}, {"raspberryPiNo": 1234, "EventType": "Speed Bump", "Label": "Reckless", "Location": "", "Date": "", "Time": ""}, {"raspberryPiNo": 1234, "EventType": "Speed Bump", "Label": "Reckless", "Location": "", "Date": "", "Time": ""}, {"raspberryPiNo": 1234, "EventType": "Speed Bump", "Label": "Reckless", "Location": "", "Date": "", "Time": ""}, {"raspberryPiNo": 1234, "EventType": "Speed Bump", "Label": "Reckless", "Location": "", "Date": "", "Time": ""}, {"raspberryPiNo": 1234, "EventType": "Speed Bump", "Label": "Reckless", "Location": "", "Date": "", "Time": ""}, {"raspberryPiNo": 1234, "EventType": "Speed Bump", "Label": "Reckless", "Location": "", "Date": "", "Time": ""}, {"raspberryPiNo": 1234, "EventType": "Speed Bump", "Label": "Reckless", "Location": "", "Date": "", "Time": ""}, {"raspberryPiNo": 1234, "EventType": "Speed Bump", "Label": "Reckless", "Location": "", "Date": "", "Time": ""}, {"raspberryPiNo": 1234, "EventType": "Speed Bump", "Label": "Reckless", "Location": "", "Date": "", "Time": ""}, {"raspberryPiNo": 1234, "EventType": "Speed Bump", "Label": "Reckless", "Location": "", "Date": "", "Time": ""}, {"raspberryPiNo": 1234, "EventType": "Speed Bump", "Label": "Reckless", "Location": "", "Date": "", "Time": ""}, {"raspberryPiNo": 1234, "EventType": "Speed Bump", "Label": "Reckless", "Location": "", "Date": "", "Time": ""}, {"raspberryPiNo": 1234, "EventType": "Speed Bump", "Label": "NotReckless", "Location": "https://www.google.com/maps/%dre", "Date": "", "Time": ""}, {"raspberryPiNo": 1234, "EventType": "Speed Bump", "Label": "NotReckless", "Location": "https://www.google.com/maps/%dre", "Date": "", "Time": ""}, {"raspberryPiNo": 1234, "EventType": "Speed Bump", "Label": "NotReckless", "Location": "https://www.google.com/maps/%dre", "Date": "", "Time": ""}, {"raspberryPiNo": 1234, "EventType": "Speed Bump", "Label": "NotReckless", "Location": "https://www.google.com/maps/%dre", "Date": "", "Time": ""}, {"raspberryPiNo": 1234, "EventType": "Speed Bump", "Label": "NotReckless", "Location": "https://www.google.com/maps/%dre", "Date": "", "Time": ""}, {"raspberryPiNo": 1234, "EventType": "Speed Bump", "Label": "NotReckless", "Location": "https://www.google.com/maps/%dre", "Date": "", "Time": ""}, {"raspberryPiNo": 1234, "EventType": "Speed Bump", "Label": "NotReckless", "Location": "https://www.google.com/maps/%dre", "Date": "", "Time": ""}, {"raspberryPiNo": 1234, "EventType": "Speed Bump", "Label": "NotReckless", "Location": "https://www.google.com/maps/%dre", "Date": "", "Time": ""}, {"raspberryPiNo": 1234, "EventType": "Speed Bump", "Label": "NotReckless", "Location": "https://www.google.com/maps/%dre", "Date": "", "Time": ""}, {"raspberryPiNo": 1234, "EventType": "Speed Bump", "Label": "NotReckless", "Location": "https://www.google.com/maps/%dre", "Date": "", "Time": ""}, {"raspberryPiNo": 1234, "EventType": "Speed Bump", "Label": "NotReckless", "Location": "https://www.google.com/maps/%dre", "Date": "", "Time": ""}, {"raspberryPiNo": 1234, "EventType": "Sudden Brake", "Label": "Reckless", "Location": "", "Date": "", "Time": ""}, {"raspberryPiNo": 1234, "EventType": "Sudden Brake", "Label": "Reckless", "Location": "", "Date": "", "Time": ""}, {"raspberryPiNo": 1234, "EventType": "Sudden Brake", "Label": "Reckless", "Location": "", "Date": "", "Time": ""}, {"raspberryPiNo": 1234, "EventType": "Sudden Brake", "Label": "Reckless", "Location": "", "Date": "", "Time": ""}, {"raspberryPiNo": 1234, "EventType": "Sudden Brake", "Label": "Reckless", "Location": "", "Date": "", "Time": ""}, {"raspberryPiNo": 1234, "EventType": "Sudden Brake", "Label": "Reckless", "Location": "", "Date": "", "Time": ""}, {"raspberryPiNo": 1234, "EventType": "Sudden Brake", "Label": "Reckless", "Location": "", "Date": "", "Time": ""}, {"raspberryPiNo": 1234, "EventType": "Sudden Brake", "Label": "Reckless", "Location": "", "Date": "", "Time": ""}, {"raspberryPiNo": 1234, "EventType": "Sudden Brake", "Label": "Reckless", "Location": "", "Date": "", "Time": ""}, {"raspberryPiNo": 1234, "EventType": "Sudden Brake", "Label": "Reckless", "Location": "", "Date": "", "Time": ""}, {"raspberryPiNo": 1234, "EventType": "Sudden Brake", "Label": "Reckless", "Location": "", "Date": "", "Time": ""}, {"raspberryPiNo": 1234, "EventType": "Sudden Brake", "Label": "Reckless", "Location": "", "Date": "", "Time": ""}, {"raspberryPiNo": 1234, "EventType": "Sudden Brake", "Label": "Reckless", "Location": "", "Date": "", "Time": ""}, {"raspberryPiNo": 1234, "EventType": "Sudden Brake", "Label": "Reckless", "Location": "", "Date": "", "Time": ""}, {"raspberryPiNo": 1234, "EventType": "Sudden Brake", "Label": "Reckless", "Location": "", "Date": "", "Time": ""}, {"raspberryPiNo": 1234, "EventType": "Sudden Brake", "Label": "Reckless", "Location": "", "Date": "", "Time": ""}, {"raspberryPiNo": 1234, "EventType": "Sudden Brake", "Label": "Reckless", "Location": "", "Date": "", "Time": ""}, {"raspberryPiNo": 1234, "EventType": "Sudden Brake", "Label": "Reckless", "Location": "", "Date": "", "Time": ""}, {"raspberryPiNo": 1234, "EventType": "Sudden Brake", "Label": "Reckless", "Location": "", "Date": "", "Time": ""}, {"raspberryPiNo": 1234, "EventType": "Left Turn", "Label": "NotReckless", "Location": "", "Date": "", "Time": ""}, {"raspberryPiNo": 1234, "EventType": "Left Turn", "Label": "NotReckless", "Location": "", "Date": "", "Time": ""}, {"raspberryPiNo": 1234, "EventType": "Left Turn", "Label": "NotReckless", "Location": "", "Date": "", "Time": ""}, {"raspberryPiNo": 1234, "EventType": "Left Turn", "Label": "NotReckless", "Location": "", "Date": "", "Time": ""}, {"raspberryPiNo": 1234, "EventType": "Left Turn", "Label": "NotReckless", "Location": "", "Date": "", "Time": ""}, {"raspberryPiNo": 1234, "EventType": "Left Turn", "Label": "NotReckless", "Location": "", "Date": "", "Time": ""}, {"raspberryPiNo": 1234, "EventType": "Left Turn", "Label": "NotReckless", "Location": "", "Date": "", "Time": ""}, {"raspberryPiNo": 1234, "EventType": "Left Turn", "Label": "NotReckless", "Location": "", "Date": "", "Time": ""}, {"raspberryPiNo": 1234, "EventType": "Left Turn", "Label": "NotReckless", "Location": "", "Date": "", "Time": ""}, {"raspberryPiNo": 1234, "EventType": "Left Turn", "Label": "NotReckless", "Location": "", "Date": "", "Time": ""}, {"raspberryPiNo": 1234, "EventType": "Left Turn", "Label": "NotReckless", "Location": "", "Date": "", "Time": ""}, {"raspberryPiNo": 1234, "EventType": "Left Turn", "Label": "NotReckless", "Location": "", "Date": "", "Time": ""}, {"raspberryPiNo": 1234, "EventType": "Left Turn", "Label": "NotReckless", "Location": "", "Date": "", "Time": ""}, {"raspberryPiNo": 1234, "EventType": "Left Turn", "Label": "NotReckless", "Location": "", "Date": "", "Time": ""}, {"raspberryPiNo": 1234, "EventType": "Left Turn", "Label": "NotReckless", "Location": "", "Date": "", "Time": ""}, {"raspberryPiNo": 1234, "EventType": "Left Turn", "Label": "NotReckless", "Location": "", "Date": "", "Time": ""}, {"raspberryPiNo": 1234, "EventType": "Left Turn", "Label": "NotReckless", "Location": "", "Date": "", "Time": ""}, {"raspberryPiNo": 1234, "EventType": "Left Turn", "Label": "NotReckless", "Location": "", "Date": "", "Time": ""}, {"raspberryPiNo": 1234, "EventType": "Left Turn", "Label": "NotReckless", "Location": "", "Date": "", "Time": ""}, {"raspberryPiNo": 1234, "EventType": "Left Turn", "Label": "NotReckless", "Location": "", "Date": "", "Time": ""}, {"raspberryPiNo": 1234, "EventType": "Left Turn", "Label": "NotReckless", "Location": "", "Date": "", "Time": ""}, {"raspberryPiNo": 1234, "EventType": "Left Turn", "Label": "NotReckless", "Location": "", "Date": "", "Time": ""}, {"raspberryPiNo": 1234, "EventType": "Left Turn", "Label": "NotReckless", "Location": "", "Date": "", "Time": ""}, {"raspberryPiNo": 1234, "EventType": "Left Turn", "Label": "NotReckless", "Location": "", "Date": "", "Time": ""}, {"raspberryPiNo": 1234, "EventType": "Left Turn", "Label": "NotReckless", "Location": "", "Date": "", "Time": ""}, {"raspberryPiNo": 1234, "EventType": "Left Turn", "Label": "NotReckless", "Location": "", "Date": "", "Time": ""}, {"raspberryPiNo": 1234, "EventType": "Left Turn", "Label": "NotReckless", "Location": "", "Date": "", "Time": ""}, {"raspberryPiNo": 1234, "EventType": "Left Turn", "Label": "NotReckless", "Location": "", "Date": "", "Time": ""}, {"raspberryPiNo": 1234, "EventType": "Left Turn", "Label": "NotReckless", "Location": "", "Date": "", "Time": ""}, {"raspberryPiNo": 1234, "EventType": "Left Turn", "Label": "NotReckless", "Location": "", "Date": "", "Time": ""}, {"raspberryPiNo": 1234, "EventType": "Left Turn", "Label": "NotReckless", "Location": "", "Date": "", "Time": ""}, {"raspberryPiNo": 1234, "EventType": "Left Turn", "Label": "NotReckless", "Location": "", "Date": "", "Time": ""}, {"raspberryPiNo": 1234, "EventType": "Left Turn", "Label": "NotReckless", "Location": "", "Date": "", "Time": ""}, {"raspberryPiNo": 1234, "EventType": "Left Turn", "Label": "NotReckless", "Location": "", "Date": "", "Time": ""}, {"raspberryPiNo": 1234, "EventType": "Left Turn", "Label": "NotReckless", "Location": "", "Date": "", "Time": ""}, {"raspberryPiNo": 1234, "EventType": "Left Turn", "Label": "NotReckless", "Location": "", "Date": "", "Time": ""}, {"raspberryPiNo": 1234, "EventType": "Left Turn", "Label": "NotReckless", "Location": "", "Date": "", "Time": ""}, {"raspberryPiNo": 1234, "EventType": "Left Turn", "Label": "NotReckless", "Location": "", "Date": "", "Time": ""}, {"raspberryPiNo": 1234, "EventType": "Left Turn", "Label": "NotReckless", "Location": "", "Date": "", "Time": ""}, {"raspberryPiNo": 1234, "EventType": "Left Turn", "Label": "NotReckless", "Location": "", "Date": "", "Time": ""}, {"raspberryPiNo": 1234, "EventType": "Left Turn", "Label": "Reckless", "Location": "", "Date": "", "Time": ""}, {"raspberryPiNo": 1234, "EventType": "Left Turn", "Label": "NotReckless", "Location": "", "Date": "", "Time": ""}, {"raspberryPiNo": 1234, "EventType": "Left Turn", "Label": "NotReckless", "Location": "", "Date": "", "Time": ""}, {"raspberryPiNo": 1234, "EventType": "Left Turn", "Label": "NotReckless", "Location": "", "Date": "", "Time": ""}, {"raspberryPiNo": 1234, "EventType": "Left Turn", "Label": "NotReckless", "Location": "", "Date": "", "Time": ""}, {"raspberryPiNo": 1234, "EventType": "Left Turn", "Label": "NotReckless", "Location": "", "Date": "", "Time": ""}, {"raspberryPiNo": 1234, "EventType": "Left Turn", "Label": "NotReckless", "Location": "", "Date": "", "Time": ""}, {"raspberryPiNo": 1234, "EventType": "Left Turn", "Label": "NotReckless", "Location": "", "Date": "", "Time": ""}, {"raspberryPiNo": 1234, "EventType": "Left Turn", "Label": "NotReckless", "Location": "", "Date": "", "Time": ""}, {"raspberryPiNo": 1234, "EventType": "Left Turn", "Label": "NotReckless", "Location": "", "Date": "", "Time": ""}, {"raspberryPiNo": 1234, "EventType": "Left Turn", "Label": "NotReckless", "Location": "", "Date": "", "Time": ""}, {"raspberryPiNo": 1234, "EventType": "Left Turn", "Label": "NotReckless", "Location": "", "Date": "", "Time": ""}, {"raspberryPiNo": 1234, "EventType": "Left Turn", "Label": "Reckless", "Location": "", "Date": "", "Time": ""}, {"raspberryPiNo": 1234, "EventType": "Left Turn", "Label": "Reckless", "Location": "", "Date": "", "Time": ""}, {"raspberryPiNo": 1234, "EventType": "Left Turn", "Label": "Reckless", "Location": "", "Date": "", "Time": ""}, {"raspberryPiNo": 1234, "EventType": "Left Turn", "Label": "Reckless", "Location": "", "Date": "", "Time": ""}, {"raspberryPiNo": 1234, "EventType": "Left Turn", "Label": "Reckless", "Location": "", "Date": "", "Time": ""}, {"raspberryPiNo": 1234, "EventType": "Left Turn", "Label": "Reckless", "Location": "", "Date": "", "Time": ""}, {"raspberryPiNo": 1234, "EventType": "Left Turn", "Label": "Reckless", "Location": "", "Date": "", "Time": ""}, {"raspberryPiNo": 1234, "EventType": "Left Turn", "Label": "Reckless", "Location": "", "Date": "", "Time": ""}, {"raspberryPiNo": 1234, "EventType": "Left Turn", "Label": "Reckless", "Location": "", "Date": "", "Time": ""}, {"raspberryPiNo": 1234, "EventType": "Left Turn", "Label": "Reckless", "Location": "", "Date": "", "Time": ""}, {"raspberryPiNo": 1234, "EventType": "Left Turn", "Label": "Reckless", "Location": "", "Date": "", "Time": ""}, {"raspberryPiNo": 1234, "EventType": "Left Turn", "Label": "Reckless", "Location": "", "Date": "", "Time": ""}, {"raspberryPiNo": 1234, "EventType": "Left Turn", "Label": "Reckless", "Location": "", "Date": "", "Time": ""}, {"raspberryPiNo": 1234, "EventType": "Left Turn", "Label": "Reckless", "Location": "", "Date": "", "Time": ""}, {"raspberryPiNo": 1234, "EventType": "Left Turn", "Label": "Reckless", "Location": "", "Date": "", "Time": ""}, {"raspberryPiNo": 1234, "EventType": "Left Turn", "Label": "Reckless", "Location": "", "Date": "", "Time": ""}, {"raspberryPiNo": 1234, "EventType": "Left Turn", "Label": "Reckless", "Location": "", "Date": "", "Time": ""}, {"raspberryPiNo": 1234, "EventType": "Left Turn", "Label": "Reckless", "Location": "", "Date": "", "Time": ""}, {"raspberryPiNo": 1234, "EventType": "Left Turn", "Label": "Reckless", "Location": "", "Date": "", "Time": ""}, {"raspberryPiNo": 1234, "EventType": "Left Turn", "Label": "Reckless", "Location": "", "Date": "", "Time": ""}, {"raspberryPiNo": 1234, "EventType": "Left Turn", "Label": "Reckless", "Location": "", "Date": "", "Time": ""}, {"raspberryPiNo": 1234, "EventType": "Left Turn", "Label": "Reckless", "Location": "", "Date": "", "Time": ""}, {"raspberryPiNo": 1234, "EventType": "Left Turn", "Label": "NotReckless", "Location": "", "Date": "", "Time": ""}, {"raspberryPiNo": 1234, "EventType": "Left Turn", "Label": "NotReckless", "Location": "", "Date": "", "Time": ""}, {"raspberryPiNo": 1234, "EventType": "Left Turn", "Label": "NotReckless", "Location": "", "Date": "", "Time": ""}, {"raspberryPiNo": 1234, "EventType": "Left Turn", "Label": "NotReckless", "Location": "", "Date": "", "Time": ""}, {"raspberryPiNo": 1234, "EventType": "Left Turn", "Label": "NotReckless", "Location": "", "Date": "", "Time": ""}, {"raspberryPiNo": 1234, "EventType": "Left Turn", "Label": "NotReckless", "Location": "", "Date": "", "Time": ""}, {"raspberryPiNo": 1234, "EventType": "Left Turn", "Label": "NotReckless", "Location": "", "Date": "", "Time": ""}, {"raspberryPiNo": 1234, "EventType": "Right Turn", "Label": "Reckless", "Location": "", "Date": "", "Time": ""}, {"raspberryPiNo": 1234, "EventType": "Right Turn", "Label": "NotReckless", "Location": "", "Date": "", "Time": ""}, {"raspberryPiNo": 1234, "EventType": "Right Turn", "Label": "NotReckless", "Location": "", "Date": "", "Time": ""}, {"raspberryPiNo": 1234, "EventType": "Right Turn", "Label": "NotReckless", "Location": "", "Date": "", "Time": ""}, {"raspberryPiNo": 1234, "EventType": "Right Turn", "Label": "NotReckless", "Location": "", "Date": "", "Time": ""}, {"raspberryPiNo": 1234, "EventType": "Right Turn", "Label": "NotReckless", "Location": "", "Date": "", "Time": ""}, {"raspberryPiNo": 1234, "EventType": "Right Turn", "Label": "NotReckless", "Location": "", "Date": "", "Time": ""}, {"raspberryPiNo": 1234, "EventType": "Right Turn", "Label": "NotReckless", "Location": "", "Date": "", "Time": ""}, {"raspberryPiNo": 1234, "EventType": "Right Turn", "Label": "NotReckless", "Location": "", "Date": "", "Time": ""}, {"raspberryPiNo": 1234, "EventType": "Right Turn", "Label": "Reckless", "Location": "", "Date": "", "Time": ""}, {"raspberryPiNo": 1234, "EventType": "Right Turn", "Label": "NotReckless", "Location": "", "Date": "", "Time": ""}, {"raspberryPiNo": 1234, "EventType": "Right Turn", "Label": "Reckless", "Location": "", "Date": "", "Time": ""}, {"raspberryPiNo": 1234, "EventType": "Right Turn", "Label": "Reckless", "Location": "", "Date": "", "Time": ""}, {"raspberryPiNo": 1234, "EventType": "Right Turn", "Label": "Reckless", "Location": "", "Date": "", "Time": ""}, {"raspberryPiNo": 1234, "EventType": "Right Turn", "Label": "Reckless", "Location": "", "Date": "", "Time": ""}, {"raspberryPiNo": 1234, "EventType": "Right Turn", "Label": "Reckless", "Location": "", "Date": "", "Time": ""}, {"raspberryPiNo": 1234, "EventType": "Right Turn", "Label": "Reckless", "Location": "", "Date": "", "Time": ""}, {"raspberryPiNo": 1234, "EventType": "Right Turn", "Label": "Reckless", "Location": "", "Date": "", "Time": ""}, {"raspberryPiNo": 1234, "EventType": "Right Turn", "Label": "Reckless", "Location": "", "Date": "", "Time": ""}, {"raspberryPiNo": 1234, "EventType": "Right Turn", "Label": "Reckless", "Location": "", "Date": "", "Time": ""}, {"raspberryPiNo": 1234, "EventType": "Right Turn", "Label": "Reckless", "Location": "", "Date": "", "Time": ""}, {"raspberryPiNo": 1234, "EventType": "Right Turn", "Label": "Reckless", "Location": "", "Date": "", "Time": ""}, {"raspberryPiNo": 1234, "EventType": "Right Turn", "Label": "Reckless", "Location": "", "Date": "", "Time": ""}, {"raspberryPiNo": 1234, "EventType": "Right Turn", "Label": "NotReckless", "Location": "", "Date": "", "Time": ""}, {"raspberryPiNo": 1234, "EventType": "Right Turn", "Label": "NotReckless", "Location": "", "Date": "", "Time": ""}, {"raspberryPiNo": 1234, "EventType": "Right Turn", "Label": "NotReckless", "Location": "", "Date": "", "Time": ""}, {"raspberryPiNo": 1234, "EventType": "Right Turn", "Label": "NotReckless", "Location": "", "Date": "", "Time": ""}, {"raspberryPiNo": 1234, "EventType": "Right Turn", "Label": "NotReckless", "Location": "", "Date": "", "Time": ""}, {"raspberryPiNo": 1234, "EventType": "Right Turn", "Label": "NotReckless", "Location": "", "Date": "", "Time": ""}, {"raspberryPiNo": 1234, "EventType": "Right Turn", "Label": "NotReckless", "Location": "", "Date": "", "Time": ""}, {"raspberryPiNo": 1234, "EventType": "Right Turn", "Label": "NotReckless", "Location": "", "Date": "", "Time": ""}, {"raspberryPiNo": 1234, "EventType": "Right Turn", "Label": "NotReckless", "Location": "", "Date": "", "Time": ""}, {"raspberryPiNo": 1234, "EventType": "Right Turn", "Label": "NotReckless", "Location": "", "Date": "", "Time": ""}, {"raspberryPiNo": 1234, "EventType": "Right Turn", "Label": "NotReckless", "Location": "", "Date": "", "Time": ""}, {"raspberryPiNo": 1234, "EventType": "Right Turn", "Label": "NotReckless", "Location": "", "Date": "", "Time": ""}, {"raspberryPiNo": 1234, "EventType": "Right Turn", "Label": "NotReckless", "Location": "", "Date": "", "Time": ""}, {"raspberryPiNo": 1234, "EventType": "Right Turn", "Label": "NotReckless", "Location": "", "Date": "", "Time": ""}, {"raspberryPiNo": 1234, "EventType": "Right Turn", "Label": "NotReckless", "Location": "", "Date": "", "Time": ""}, {"raspberryPiNo": 1234, "EventType": "Right Turn", "Label": "NotReckless", "Location": "", "Date": "", "Time": ""}, {"raspberryPiNo": 1234, "EventType": "Right Turn", "Label": "NotReckless", "Location": "", "Date": "", "Time": ""}, {"raspberryPiNo": 1234, "EventType": "Right Turn", "Label": "NotReckless", "Location": "", "Date": "", "Time": ""}, {"raspberryPiNo": 1234, "EventType": "Right Turn", "Label": "NotReckless", "Location": "", "Date": "", "Time": ""}, {"raspberryPiNo": 1234, "EventType": "Right Turn", "Label": "NotReckless", "Location": "", "Date": "", "Time": ""}, {"raspberryPiNo": 1234, "EventType": "Right Turn", "Label": "NotReckless", "Location": "", "Date": "", "Time": ""}, {"raspberryPiNo": 1234, "EventType": "Right Turn", "Label": "NotReckless", "Location": "", "Date": "", "Time": ""}, {"raspberryPiNo": 1234, "EventType": "Right Turn", "Label": "NotReckless", "Location": "", "Date": "", "Time": ""}, {"raspberryPiNo": 1234, "EventType": "Right Turn", "Label": "NotReckless", "Location": "", "Date": "", "Time": ""}, {"raspberryPiNo": 1234, "EventType": "Right Turn", "Label": "NotReckless", "Location": "", "Date": "", "Time": ""}, {"raspberryPiNo": 1234, "EventType": "Right Turn", "Label": "NotReckless", "Location": "", "Date": "", "Time": ""}, {"raspberryPiNo": 1234, "EventType": "Right Turn", "Label": "NotReckless", "Location": "", "Date": "", "Time": ""}, {"raspberryPiNo": 1234, "EventType": "Right Turn", "Label": "NotReckless", "Location": "", "Date": "", "Time": ""}, {"raspberryPiNo": 1234, "EventType": "Right Turn", "Label": "NotReckless", "Location": "", "Date": "", "Time": ""}, {"raspberryPiNo": 1234, "EventType": "Right Turn", "Label": "NotReckless", "Location": "", "Date": "", "Time": ""}, {"raspberryPiNo": 1234, "EventType": "Right Turn", "Label": "NotReckless", "Location": "", "Date": "", "Time": ""}, {"raspberryPiNo": 1234, "EventType": "Right Turn", "Label": "NotReckless", "Location": "", "Date": "", "Time": ""}, {"raspberryPiNo": 1234, "EventType": "Right Turn", "Label": "NotReckless", "Location": "", "Date": "", "Time": ""}, {"raspberryPiNo": 1234, "EventType": "Right Turn", "Label": "NotReckless", "Location": "", "Date": "", "Time": ""}, {"raspberryPiNo": 1234, "EventType": "Right Turn", "Label": "NotReckless", "Location": "", "Date": "", "Time": ""}, {"raspberryPiNo": 1234, "EventType": "Right Turn", "Label": "NotReckless", "Location": "", "Date": "", "Time": ""}, {"raspberryPiNo": 1234, "EventType": "Right Turn", "Label": "NotReckless", "Location": "", "Date": "", "Time": ""}, {"raspberryPiNo": 1234, "EventType": "Right Turn", "Label": "NotReckless", "Location": "", "Date": "", "Time": ""}, {"raspberryPiNo": 1234, "EventType": "Right Turn", "Label": "NotReckless", "Location": "", "Date": "", "Time": ""}, {"raspberryPiNo": 1234, "EventType": "Right Turn", "Label": "NotReckless", "Location": "", "Date": "", "Time": ""}, {"raspberryPiNo": 1234, "EventType": "Right Turn", "Label": "NotReckless", "Location": "", "Date": "", "Time": ""}, {"raspberryPiNo": 1234, "EventType": "Right Turn", "Label": "NotReckless", "Location": "", "Date": "", "Time": ""}, {"raspberryPiNo": 1234, "EventType": "Right Turn", "Label": "NotReckless", "Location": "", "Date": "", "Time": ""}, {"raspberryPiNo": 1234, "EventType": "Right Turn", "Label": "Reckless", "Location": "", "Date": "", "Time": ""}, {"raspberryPiNo": 1234, "EventType": "Right Turn", "Label": "Reckless", "Location": "", "Date": "", "Time": ""}, {"raspberryPiNo": 1234, "EventType": "Right Turn", "Label": "NotReckless", "Location": "", "Date": "", "Time": ""}, {"raspberryPiNo": 1234, "EventType": "Right Turn", "Label": "NotReckless", "Location": "", "Date": "", "Time": ""}, {"raspberryPiNo": 1234, "EventType": "Right Turn", "Label": "NotReckless", "Location": "", "Date": "", "Time": ""}, {"raspberryPiNo": 1234, "EventType": "Right Turn", "Label": "NotReckless", "Location": "", "Date": "", "Time": ""}, {"raspberryPiNo": 1234, "EventType": "Right Turn", "Label": "NotReckless", "Location": "", "Date": "", "Time": ""}, {"raspberryPiNo": 1234, "EventType": "Right Turn", "Label": "NotReckless", "Location": "", "Date": "", "Time": ""}, {"raspberryPiNo": 1234, "EventType": "Right Turn", "Label": "NotReckless", "Location": "", "Date": "", "Time": ""}, {"raspberryPiNo": 1234, "EventType": "Right Turn", "Label": "NotReckless", "Location": "", "Date": "", "Time": ""}, {"raspberryPiNo": 1234, "EventType": "Right Turn", "Label": "NotReckless", "Location": "", "Date": "", "Time": ""}, {"raspberryPiNo": 1234, "EventType": "Right Turn", "Label": "NotReckless", "Location": "", "Date": "", "Time": ""}, {"raspberryPiNo": 1234, "EventType": "Right Turn", "Label": "NotReckless", "Location": "", "Date": "", "Time": ""}, {"raspberryPiNo": 1234, "EventType": "Speed Bump", "Label": "Reckless", "Location": "", "Date": "", "Time": ""}, {"raspberryPiNo": 1234, "EventType": "Speed Bump", "Label": "Reckless", "Location": "", "Date": "", "Time": ""}, {"raspberryPiNo": 1234, "EventType": "Speed Bump", "Label": "Reckless", "Location": "", "Date": "", "Time": ""}, {"raspberryPiNo": 1234, "EventType": "Speed Bump", "Label": "Reckless", "Location": "", "Date": "", "Time": ""}, {"raspberryPiNo": 1234, "EventType": "Speed Bump", "Label": "Reckless", "Location": "", "Date": "", "Time": ""}, {"raspberryPiNo": 1234, "EventType": "Speed Bump", "Label": "Reckless", "Location": "", "Date": "", "Time": ""}, {"raspberryPiNo": 1234, "EventType": "Speed Bump", "Label": "Reckless", "Location": "", "Date": "", "Time": ""}, {"raspberryPiNo": 1234, "EventType": "Speed Bump", "Label": "Reckless", "Location": "", "Date": "", "Time": ""}, {"raspberryPiNo": 1234, "EventType": "Speed Bump", "Label": "Reckless", "Location": "", "Date": "", "Time": ""}, {"raspberryPiNo": 1234, "EventType": "Speed Bump", "Label": "Reckless", "Location": "", "Date": "", "Time": ""}, {"raspberryPiNo": 1234, "EventType": "Speed Bump", "Label": "Reckless", "Location": "", "Date": "", "Time": ""}, {"raspberryPiNo": 1234, "EventType": "Speed Bump", "Label": "Reckless", "Location": "", "Date": "", "Time": ""}, {"raspberryPiNo": 1234, "EventType": "Speed Bump", "Label": "Reckless", "Location": "", "Date": "", "Time": ""}, {"raspberryPiNo": 1234, "EventType": "Speed Bump", "Label": "Reckless", "Location": "", "Date": "", "Time": ""}, {"raspberryPiNo": 1234, "EventType": "Speed Bump", "Label": "Reckless", "Location": "", "Date": "", "Time": ""}, {"raspberryPiNo": 1234, "EventType": "Speed Bump", "Label": "NotReckless", "Location": "https://www.google.com/maps/%sre", "Date": "", "Time": ""}, {"raspberryPiNo": 1234, "EventType": "Speed Bump", "Label": "NotReckless", "Location": "https://www.google.com/maps/%sre", "Date": "", "Time": ""}, {"raspberryPiNo": 1234, "EventType": "Speed Bump", "Label": "NotReckless", "Location": "https://www.google.com/maps/%sre", "Date": "", "Time": ""}, {"raspberryPiNo": 1234, "EventType": "Speed Bump", "Label": "NotReckless", "Location": "https://www.google.com/maps/%sre", "Date": "", "Time": ""}, {"raspberryPiNo": 1234, "EventType": "Speed Bump", "Label": "NotReckless", "Location": "https://www.google.com/maps/%sre", "Date": "", "Time": ""}, {"raspberryPiNo": 1234, "EventType": "Speed Bump", "Label": "NotReckless", "Location": "https://www.google.com/maps/%sre", "Date": "", "Time": ""}, {"raspberryPiNo": 1234, "EventType": "Speed Bump", "Label": "NotReckless", "Location": "https://www.google.com/maps/%sre", "Date": "", "Time": ""}, {"raspberryPiNo": 1234, "EventType": "Speed Bump", "Label": "NotReckless", "Location": "https://www.google.com/maps/%sre", "Date": "", "Time": ""}, {"raspberryPiNo": 1234, "EventType": "Speed Bump", "Label": "NotReckless", "Location": "https://www.google.com/maps/%sre", "Date": "", "Time": ""}, {"raspberryPiNo": 1234, "EventType": "Speed Bump", "Label": "NotReckless", "Location": "https://www.google.com/maps/%sre", "Date": "", "Time": ""}, {"raspberryPiNo": 1234, "EventType": "Speed Bump", "Label": "NotReckless", "Location": "https://www.google.com/maps/%sre", "Date": "", "Time": ""}]